"Ano","Trimestre","periodo","raca_cor","peso_ponderado_superior_completo","total_ponderado_superior_completo_periodo","percentual"
2012,1,"2012-T1","Branca",11182447.4175817,15515687.2648673,72.0719
2012,1,"2012-T1","Parda",3435157.25812254,15515687.2648673,22.1399
2012,1,"2012-T1","Preta",636045.67925152,15515687.2648673,4.0994
2012,1,"2012-T1","Amarela",236161.16769423,15515687.2648673,1.5221
2012,1,"2012-T1","Indigena",25875.74221731,15515687.2648673,0.1668
2012,2,"2012-T2","Branca",11264874.236486,15593898.1163427,72.239
2012,2,"2012-T2","Parda",3502505.73334464,15593898.1163427,22.4607
2012,2,"2012-T2","Preta",576957.16782764,15593898.1163427,3.6999
2012,2,"2012-T2","Amarela",232898.19371553,15593898.1163427,1.4935
2012,2,"2012-T2","Indigena",16662.78496892,15593898.1163427,0.1069
2012,3,"2012-T3","Branca",11335898.4774587,15790957.7529118,71.7873
2012,3,"2012-T3","Parda",3616865.30873952,15790957.7529118,22.9047
2012,3,"2012-T3","Preta",588843.24452754,15790957.7529118,3.729
2012,3,"2012-T3","Amarela",234516.92450581,15790957.7529118,1.4851
2012,3,"2012-T3","Indigena",14833.79768024,15790957.7529118,0.0939
2012,4,"2012-T4","Branca",11557749.9604592,16072295.6284475,71.911
2012,4,"2012-T4","Parda",3671578.28491684,16072295.6284475,22.8441
2012,4,"2012-T4","Preta",606978.01922347,16072295.6284475,3.7765
2012,4,"2012-T4","Amarela",222072.79197651,16072295.6284475,1.3817
2012,4,"2012-T4","Indigena",13916.57187148,16072295.6284475,0.0866
2013,1,"2013-T1","Branca",11637377.5741285,16328824.0773698,71.2689
2013,1,"2013-T1","Parda",3824701.52921673,16328824.0773698,23.423
2013,1,"2013-T1","Preta",600563.57348383,16328824.0773698,3.6779
2013,1,"2013-T1","Amarela",251026.23988776,16328824.0773698,1.5373
2013,1,"2013-T1","Indigena",15155.16065298,16328824.0773698,0.0928
2013,2,"2013-T2","Branca",11609965.6932059,16434817.9943814,70.6425
2013,2,"2013-T2","Parda",3889822.91564695,16434817.9943814,23.6682
2013,2,"2013-T2","Preta",643747.72092676,16434817.9943814,3.917
2013,2,"2013-T2","Amarela",272304.43881045,16434817.9943814,1.6569
2013,2,"2013-T2","Indigena",18977.22579137,16434817.9943814,0.1155
2013,3,"2013-T3","Branca",11799084.0944365,16523102.738106,71.4096
2013,3,"2013-T3","Parda",3759958.69301593,16523102.738106,22.7558
2013,3,"2013-T3","Preta",652218.67903419,16523102.738106,3.9473
2013,3,"2013-T3","Amarela",298372.87054316,16523102.738106,1.8058
2013,3,"2013-T3","Indigena",13468.40107618,16523102.738106,0.0815
2013,4,"2013-T4","Branca",11856609.9764114,16666839.4213333,71.1389
2013,4,"2013-T4","Parda",3879613.3986496,16666839.4213333,23.2774
2013,4,"2013-T4","Preta",657784.85657771,16666839.4213333,3.9467
2013,4,"2013-T4","Amarela",254955.70510261,16666839.4213333,1.5297
2013,4,"2013-T4","Indigena",17875.48459199,16666839.4213333,0.1073
2014,1,"2014-T1","Branca",12059650.3883726,17095560.1151598,70.5426
2014,1,"2014-T1","Parda",4050054.20855293,17095560.1151598,23.6907
2014,1,"2014-T1","Preta",674966.73319166,17095560.1151598,3.9482
2014,1,"2014-T1","Amarela",294945.9110331,17095560.1151598,1.7253
2014,1,"2014-T1","Indigena",15942.8740095,17095560.1151598,0.0933
2014,2,"2014-T2","Branca",12242203.1062029,17307068.3332666,70.7353
2014,2,"2014-T2","Parda",4092196.5497391,17307068.3332666,23.6447
2014,2,"2014-T2","Preta",688133.13861595,17307068.3332666,3.976
2014,2,"2014-T2","Amarela",268899.85397679,17307068.3332666,1.5537
2014,2,"2014-T2","Indigena",15635.68473187,17307068.3332666,0.0903
2014,3,"2014-T3","Branca",12164703.7011039,17467652.7294393,69.6413
2014,3,"2014-T3","Parda",4279994.1099669,17467652.7294393,24.5024
2014,3,"2014-T3","Preta",706904.24440202,17467652.7294393,4.0469
2014,3,"2014-T3","Amarela",291647.24882595,17467652.7294393,1.6696
2014,3,"2014-T3","Indigena",15602.82174557,17467652.7294393,0.0893
2014,3,"2014-T3","Ignorado",8800.60339498,17467652.7294393,0.0504
2014,4,"2014-T4","Branca",12409997.3852389,17882024.6877844,69.3993
2014,4,"2014-T4","Parda",4385532.9389067,17882024.6877844,24.5248
2014,4,"2014-T4","Preta",719712.15963585,17882024.6877844,4.0248
2014,4,"2014-T4","Amarela",325671.47871097,17882024.6877844,1.8212
2014,4,"2014-T4","Ignorado",21529.05957287,17882024.6877844,0.1204
2014,4,"2014-T4","Indigena",19581.6657191,17882024.6877844,0.1095
2015,1,"2015-T1","Branca",12847640.7614194,18564293.343084,69.2062
2015,1,"2015-T1","Parda",4642237.16254195,18564293.343084,25.0063
2015,1,"2015-T1","Preta",733574.20005124,18564293.343084,3.9515
2015,1,"2015-T1","Amarela",308161.59816008,18564293.343084,1.66
2015,1,"2015-T1","Ignorado",17744.77772103,18564293.343084,0.0956
2015,1,"2015-T1","Indigena",14934.84319031,18564293.343084,0.0804
2015,2,"2015-T2","Branca",13071081.7857846,18842764.014244,69.3692
2015,2,"2015-T2","Parda",4653552.13779678,18842764.014244,24.6968
2015,2,"2015-T2","Preta",785631.18893765,18842764.014244,4.1694
2015,2,"2015-T2","Amarela",296323.99709348,18842764.014244,1.5726
2015,2,"2015-T2","Ignorado",18090.7021316,18842764.014244,0.096
2015,2,"2015-T2","Indigena",18084.20249988,18842764.014244,0.096
2015,3,"2015-T3","Branca",13328886.188261,19270041.0624403,69.169
2015,3,"2015-T3","Parda",4795904.33647844,19270041.0624403,24.8879
2015,3,"2015-T3","Preta",806675.49318036,19270041.0624403,4.1862
2015,3,"2015-T3","Amarela",308151.91239076,19270041.0624403,1.5991
2015,3,"2015-T3","Indigena",17898.60044014,19270041.0624403,0.0929
2015,3,"2015-T3","Ignorado",12524.53168967,19270041.0624403,0.065
2015,4,"2015-T4","Branca",13510065.1399202,19586287.9693543,68.9772
2015,4,"2015-T4","Parda",4790356.53377166,19586287.9693543,24.4577
2015,4,"2015-T4","Preta",910102.61351341,19586287.9693543,4.6466
2015,4,"2015-T4","Amarela",349832.48640285,19586287.9693543,1.7861
2015,4,"2015-T4","Indigena",24211.46994649,19586287.9693543,0.1236
2015,4,"2015-T4","Ignorado",1719.72579966,19586287.9693543,0.0088
2016,1,"2016-T1","Branca",13851096.7084482,20176698.9278433,68.649
2016,1,"2016-T1","Parda",5048184.41440678,20176698.9278433,25.0199
2016,1,"2016-T1","Preta",913901.20785836,20176698.9278433,4.5295
2016,1,"2016-T1","Amarela",339360.40282858,20176698.9278433,1.6819
2016,1,"2016-T1","Indigena",24107.00935991,20176698.9278433,0.1195
2016,1,"2016-T1","Ignorado",49.18494144,20176698.9278433,2e-04
2016,2,"2016-T2","Branca",13654632.527838,20072720.5083255,68.0258
2016,2,"2016-T2","Parda",5113776.03213832,20072720.5083255,25.4762
2016,2,"2016-T2","Preta",918639.13331913,20072720.5083255,4.5766
2016,2,"2016-T2","Amarela",349556.51416485,20072720.5083255,1.7415
2016,2,"2016-T2","Indigena",34151.66526436,20072720.5083255,0.1701
2016,2,"2016-T2","Ignorado",1964.63560081,20072720.5083255,0.0098
2016,3,"2016-T3","Branca",13844863.7345187,20337831.6588602,68.0744
2016,3,"2016-T3","Parda",5083817.85114176,20337831.6588602,24.9969
2016,3,"2016-T3","Preta",970107.00906613,20337831.6588602,4.77
2016,3,"2016-T3","Amarela",407236.59871949,20337831.6588602,2.0024
2016,3,"2016-T3","Indigena",27788.36742947,20337831.6588602,0.1366
2016,3,"2016-T3","Ignorado",4018.09798467,20337831.6588602,0.0198
2016,4,"2016-T4","Branca",13756960.2222298,20557896.7808076,66.9181
2016,4,"2016-T4","Parda",5331417.21785672,20557896.7808076,25.9337
2016,4,"2016-T4","Preta",1044005.86932958,20557896.7808076,5.0784
2016,4,"2016-T4","Amarela",384553.86779856,20557896.7808076,1.8706
2016,4,"2016-T4","Indigena",39231.51357183,20557896.7808076,0.1908
2016,4,"2016-T4","Ignorado",1728.09002106,20557896.7808076,0.0084
2017,1,"2017-T1","Branca",14019315.9609643,20991626.0484216,66.7853
2017,1,"2017-T1","Parda",5457295.78109662,20991626.0484216,25.9975
2017,1,"2017-T1","Preta",1093935.21306384,20991626.0484216,5.2113
2017,1,"2017-T1","Amarela",385127.99894763,20991626.0484216,1.8347
2017,1,"2017-T1","Indigena",33384.47486381,20991626.0484216,0.159
2017,1,"2017-T1","Ignorado",2566.6194854,20991626.0484216,0.0122
2017,2,"2017-T2","Branca",13851834.3148002,20888573.5353264,66.313
2017,2,"2017-T2","Parda",5554531.26377755,20888573.5353264,26.5912
2017,2,"2017-T2","Preta",1096071.43599931,20888573.5353264,5.2472
2017,2,"2017-T2","Amarela",357373.09082312,20888573.5353264,1.7109
2017,2,"2017-T2","Indigena",26805.99050341,20888573.5353264,0.1283
2017,2,"2017-T2","Ignorado",1957.4394228,20888573.5353264,0.0094
2017,3,"2017-T3","Branca",14170118.4943402,21299889.7152796,66.5267
2017,3,"2017-T3","Parda",5619132.55699492,21299889.7152796,26.381
2017,3,"2017-T3","Preta",1105360.50223912,21299889.7152796,5.1895
2017,3,"2017-T3","Amarela",365385.15360008,21299889.7152796,1.7154
2017,3,"2017-T3","Indigena",38001.75277739,21299889.7152796,0.1784
2017,3,"2017-T3","Ignorado",1891.2553279,21299889.7152796,0.0089
2017,4,"2017-T4","Branca",14094047.6427893,21542964.899518,65.423
2017,4,"2017-T4","Parda",5828771.7803245,21542964.899518,27.0565
2017,4,"2017-T4","Preta",1215775.83259518,21542964.899518,5.6435
2017,4,"2017-T4","Amarela",349394.26549718,21542964.899518,1.6218
2017,4,"2017-T4","Indigena",46022.86347865,21542964.899518,0.2136
2017,4,"2017-T4","Ignorado",8952.51483317,21542964.899518,0.0416
2018,1,"2018-T1","Branca",14404649.9346865,22078677.8095264,65.2424
2018,1,"2018-T1","Parda",6101226.28912416,22078677.8095264,27.634
2018,1,"2018-T1","Preta",1198308.60027066,22078677.8095264,5.4274
2018,1,"2018-T1","Amarela",332578.45679833,22078677.8095264,1.5063
2018,1,"2018-T1","Indigena",33597.54348843,22078677.8095264,0.1522
2018,1,"2018-T1","Ignorado",8316.98515831,22078677.8095264,0.0377
2018,2,"2018-T2","Branca",14429951.1757132,22249921.8797927,64.8539
2018,2,"2018-T2","Parda",6091297.37700266,22249921.8797927,27.3767
2018,2,"2018-T2","Preta",1302904.32915357,22249921.8797927,5.8558
2018,2,"2018-T2","Amarela",371826.78589079,22249921.8797927,1.6711
2018,2,"2018-T2","Indigena",51636.93675805,22249921.8797927,0.2321
2018,2,"2018-T2","Ignorado",2305.27527446,22249921.8797927,0.0104
2018,3,"2018-T3","Branca",14663278.9948585,22671752.3636664,64.6764
2018,3,"2018-T3","Parda",6236822.09618614,22671752.3636664,27.5092
2018,3,"2018-T3","Preta",1370052.61923843,22671752.3636664,6.043
2018,3,"2018-T3","Amarela",350214.08351425,22671752.3636664,1.5447
2018,3,"2018-T3","Indigena",51384.56986914,22671752.3636664,0.2266
2018,4,"2018-T4","Branca",14788714.6960295,23253013.1411089,63.5991
2018,4,"2018-T4","Parda",6579581.92564754,23253013.1411089,28.2956
2018,4,"2018-T4","Preta",1466448.37601872,23253013.1411089,6.3065
2018,4,"2018-T4","Amarela",361769.04118669,23253013.1411089,1.5558
2018,4,"2018-T4","Indigena",56499.10222639,23253013.1411089,0.243
2019,1,"2019-T1","Branca",15166430.8466562,23840648.9762788,63.6158
2019,1,"2019-T1","Parda",6736944.38388492,23840648.9762788,28.2582
2019,1,"2019-T1","Preta",1514138.82079923,23840648.9762788,6.3511
2019,1,"2019-T1","Amarela",370368.31562838,23840648.9762788,1.5535
2019,1,"2019-T1","Indigena",50487.09423446,23840648.9762788,0.2118
2019,1,"2019-T1","Ignorado",2279.51507562,23840648.9762788,0.0096
2019,2,"2019-T2","Branca",15100994.1842372,23763584.174113,63.5468
2019,2,"2019-T2","Parda",6794874.14023348,23763584.174113,28.5936
2019,2,"2019-T2","Preta",1461565.2378212,23763584.174113,6.1504
2019,2,"2019-T2","Amarela",344998.52370244,23763584.174113,1.4518
2019,2,"2019-T2","Indigena",57210.92868858,23763584.174113,0.2408
2019,2,"2019-T2","Ignorado",3941.15943006,23763584.174113,0.0166
2019,3,"2019-T3","Branca",15147194.2002183,23947303.5455083,63.2522
2019,3,"2019-T3","Parda",6951059.72964804,23947303.5455083,29.0265
2019,3,"2019-T3","Preta",1440285.87139013,23947303.5455083,6.0144
2019,3,"2019-T3","Amarela",333842.99778731,23947303.5455083,1.3941
2019,3,"2019-T3","Indigena",66219.62358467,23947303.5455083,0.2765
2019,3,"2019-T3","Ignorado",8701.12287986,23947303.5455083,0.0363
2019,4,"2019-T4","Branca",15230431.2328115,24271883.0757103,62.7493
2019,4,"2019-T4","Parda",7129018.31982442,24271883.0757103,29.3715
2019,4,"2019-T4","Preta",1496933.56856806,24271883.0757103,6.1674
2019,4,"2019-T4","Amarela",354946.41538296,24271883.0757103,1.4624
2019,4,"2019-T4","Indigena",52297.10315698,24271883.0757103,0.2155
2019,4,"2019-T4","Ignorado",8256.4359664,24271883.0757103,0.034
2020,1,"2020-T1","Branca",15892890.8058081,25081393.8638158,63.3653
2020,1,"2020-T1","Parda",7236582.18359275,25081393.8638158,28.8524
2020,1,"2020-T1","Preta",1532660.74397811,25081393.8638158,6.1107
2020,1,"2020-T1","Amarela",346416.90508931,25081393.8638158,1.3812
2020,1,"2020-T1","Indigena",61945.16410422,25081393.8638158,0.247
2020,1,"2020-T1","Ignorado",10898.06124332,25081393.8638158,0.0435
2020,2,"2020-T2","Branca",16720915.7540144,26318649.4360769,63.5326
2020,2,"2020-T2","Parda",7534708.36799372,26318649.4360769,28.6288
2020,2,"2020-T2","Preta",1611455.75218534,26318649.4360769,6.1229
2020,2,"2020-T2","Amarela",367862.59468034,26318649.4360769,1.3977
2020,2,"2020-T2","Indigena",59726.19142047,26318649.4360769,0.2269
2020,2,"2020-T2","Ignorado",23980.77578268,26318649.4360769,0.0911
2020,3,"2020-T3","Branca",16750641.5988047,26474524.1394883,63.2708
2020,3,"2020-T3","Parda",7651288.64430763,26474524.1394883,28.9006
2020,3,"2020-T3","Preta",1636895.13328188,26474524.1394883,6.1829
2020,3,"2020-T3","Amarela",384238.95593007,26474524.1394883,1.4514
2020,3,"2020-T3","Indigena",45922.1350519,26474524.1394883,0.1735
2020,3,"2020-T3","Ignorado",5537.67211213,26474524.1394883,0.0209
2020,4,"2020-T4","Branca",17538391.7534214,27405016.638926,63.997
2020,4,"2020-T4","Parda",7643079.47654136,27405016.638926,27.8893
2020,4,"2020-T4","Preta",1725191.93658532,27405016.638926,6.2952
2020,4,"2020-T4","Amarela",424824.88267473,27405016.638926,1.5502
2020,4,"2020-T4","Indigena",57173.17866754,27405016.638926,0.2086
2020,4,"2020-T4","Ignorado",16355.41103565,27405016.638926,0.0597
2021,1,"2021-T1","Branca",17488979.4421946,27867236.0255255,62.7582
2021,1,"2021-T1","Parda",8070883.10178465,27867236.0255255,28.9619
2021,1,"2021-T1","Preta",1799589.96229464,27867236.0255255,6.4577
2021,1,"2021-T1","Amarela",439661.60819124,27867236.0255255,1.5777
2021,1,"2021-T1","Indigena",57077.27450614,27867236.0255255,0.2048
2021,1,"2021-T1","Ignorado",11044.6365543,27867236.0255255,0.0396
2021,2,"2021-T2","Branca",17297148.5894484,27504364.5119028,62.8887
2021,2,"2021-T2","Parda",8018157.17447445,27504364.5119028,29.1523
2021,2,"2021-T2","Preta",1682568.41174875,27504364.5119028,6.1175
2021,2,"2021-T2","Amarela",417605.15888619,27504364.5119028,1.5183
2021,2,"2021-T2","Indigena",61382.87565868,27504364.5119028,0.2232
2021,2,"2021-T2","Ignorado",27502.30168633,27504364.5119028,0.1
2021,3,"2021-T3","Branca",16556009.9135926,26329139.6459008,62.8809
2021,3,"2021-T3","Parda",7601899.35391119,26329139.6459008,28.8726
2021,3,"2021-T3","Preta",1736815.74791343,26329139.6459008,6.5966
2021,3,"2021-T3","Amarela",375021.04253482,26329139.6459008,1.4244
2021,3,"2021-T3","Indigena",49337.85545715,26329139.6459008,0.1874
2021,3,"2021-T3","Ignorado",10055.73249159,26329139.6459008,0.0382
2021,4,"2021-T4","Branca",16552235.3143943,26358466.3415936,62.7967
2021,4,"2021-T4","Parda",7530525.40422456,26358466.3415936,28.5697
2021,4,"2021-T4","Preta",1820526.75488914,26358466.3415936,6.9068
2021,4,"2021-T4","Amarela",382894.10218674,26358466.3415936,1.4526
2021,4,"2021-T4","Indigena",55752.70604112,26358466.3415936,0.2115
2021,4,"2021-T4","Ignorado",16532.05985776,26358466.3415936,0.0627
2022,1,"2022-T1","Branca",16663307.2339172,26768637.4027694,62.2494
2022,1,"2022-T1","Parda",7702981.78949597,26768637.4027694,28.7761
2022,1,"2022-T1","Preta",1973672.32284489,26768637.4027694,7.3731
2022,1,"2022-T1","Amarela",358647.85425148,26768637.4027694,1.3398
2022,1,"2022-T1","Indigena",60759.78355776,26768637.4027694,0.227
2022,1,"2022-T1","Ignorado",9268.41870218,26768637.4027694,0.0346
2022,2,"2022-T2","Branca",16855994.6167081,26957148.8549918,62.5288
2022,2,"2022-T2","Parda",7640685.9971219,26957148.8549918,28.3438
2022,2,"2022-T2","Preta",2011604.24505662,26957148.8549918,7.4622
2022,2,"2022-T2","Amarela",372834.44113369,26957148.8549918,1.3831
2022,2,"2022-T2","Indigena",66566.3198195,26957148.8549918,0.2469
2022,2,"2022-T2","Ignorado",9463.23515193,26957148.8549918,0.0351
2022,3,"2022-T3","Branca",16862988.81286,27175304.5279605,62.0526
2022,3,"2022-T3","Parda",7743485.66010279,27175304.5279605,28.4946
2022,3,"2022-T3","Preta",2070541.35961474,27175304.5279605,7.6192
2022,3,"2022-T3","Amarela",405869.90035228,27175304.5279605,1.4935
2022,3,"2022-T3","Indigena",74213.18665756,27175304.5279605,0.2731
2022,3,"2022-T3","Ignorado",18205.60837307,27175304.5279605,0.067
2022,4,"2022-T4","Branca",17134234.8440456,27702248.4930664,61.8514
2022,4,"2022-T4","Parda",7943436.41852014,27702248.4930664,28.6743
2022,4,"2022-T4","Preta",2121696.64744479,27702248.4930664,7.6589
2022,4,"2022-T4","Amarela",414484.2237527,27702248.4930664,1.4962
2022,4,"2022-T4","Indigena",70385.33160099,27702248.4930664,0.2541
2022,4,"2022-T4","Ignorado",18011.0277022,27702248.4930664,0.065
2023,1,"2023-T1","Branca",17076180.4670486,27796623.7073221,61.4326
2023,1,"2023-T1","Parda",8071675.25911131,27796623.7073221,29.0383
2023,1,"2023-T1","Preta",2156247.00683265,27796623.7073221,7.7572
2023,1,"2023-T1","Amarela",403959.62632882,27796623.7073221,1.4533
2023,1,"2023-T1","Indigena",70165.61780455,27796623.7073221,0.2524
2023,1,"2023-T1","Ignorado",18395.73019617,27796623.7073221,0.0662
2023,2,"2023-T2","Branca",17285140.775123,27979520.5353405,61.7778
2023,2,"2023-T2","Parda",8078360.94825125,27979520.5353405,28.8724
2023,2,"2023-T2","Preta",2115608.64602635,27979520.5353405,7.5613
2023,2,"2023-T2","Amarela",431121.13866841,27979520.5353405,1.5408
2023,2,"2023-T2","Indigena",61312.70544829,27979520.5353405,0.2191
2023,2,"2023-T2","Ignorado",7976.32182317,27979520.5353405,0.0285
2023,3,"2023-T3","Branca",17599009.6332037,28437131.1085184,61.8874
2023,3,"2023-T3","Parda",8251930.04179756,28437131.1085184,29.0182
2023,3,"2023-T3","Preta",2091586.4212522,28437131.1085184,7.3551
2023,3,"2023-T3","Amarela",416809.83522005,28437131.1085184,1.4657
2023,3,"2023-T3","Indigena",72800.12057315,28437131.1085184,0.256
2023,3,"2023-T3","Ignorado",4995.05647181,28437131.1085184,0.0176
2023,4,"2023-T4","Branca",17867839.7768736,28881794.593182,61.8654
2023,4,"2023-T4","Parda",8378899.32517705,28881794.593182,29.011
2023,4,"2023-T4","Preta",2147001.27074874,28881794.593182,7.4338
2023,4,"2023-T4","Amarela",410586.02823115,28881794.593182,1.4216
2023,4,"2023-T4","Indigena",66961.80551437,28881794.593182,0.2318
2023,4,"2023-T4","Ignorado",10506.38663707,28881794.593182,0.0364
2024,1,"2024-T1","Branca",18078192.1407061,29375924.5266556,61.5408
2024,1,"2024-T1","Parda",8569767.42255867,29375924.5266556,29.1728
2024,1,"2024-T1","Preta",2209281.09930649,29375924.5266556,7.5207
2024,1,"2024-T1","Amarela",436204.88357599,29375924.5266556,1.4849
2024,1,"2024-T1","Indigena",78370.08777815,29375924.5266556,0.2668
2024,1,"2024-T1","Ignorado",4108.89273027,29375924.5266556,0.014
2024,2,"2024-T2","Branca",18092430.9193478,29581666.7472501,61.161
2024,2,"2024-T2","Parda",8792708.63342573,29581666.7472501,29.7235
2024,2,"2024-T2","Preta",2207641.24166439,29581666.7472501,7.4629
2024,2,"2024-T2","Amarela",407979.39756985,29581666.7472501,1.3792
2024,2,"2024-T2","Indigena",76711.83188499,29581666.7472501,0.2593
2024,2,"2024-T2","Ignorado",4194.72335733,29581666.7472501,0.0142
2024,3,"2024-T3","Branca",18045690.6174895,29668757.9938857,60.8239
2024,3,"2024-T3","Parda",8885491.62748056,29668757.9938857,29.949
2024,3,"2024-T3","Preta",2228595.13908551,29668757.9938857,7.5116
2024,3,"2024-T3","Amarela",425935.29021256,29668757.9938857,1.4356
2024,3,"2024-T3","Indigena",76631.51361133,29668757.9938857,0.2583
2024,3,"2024-T3","Ignorado",6413.80600624,29668757.9938857,0.0216
2024,4,"2024-T4","Branca",18510806.6109722,30331075.002069,61.0292
2024,4,"2024-T4","Parda",9101207.74552036,30331075.002069,30.0062
2024,4,"2024-T4","Preta",2202930.80207493,30331075.002069,7.2629
2024,4,"2024-T4","Amarela",418744.8673154,30331075.002069,1.3806
2024,4,"2024-T4","Indigena",92534.16604062,30331075.002069,0.3051
2024,4,"2024-T4","Ignorado",4850.81014549,30331075.002069,0.016
2025,1,"2025-T1","Branca",18819195.417744,30990093.1052188,60.7265
2025,1,"2025-T1","Parda",9353288.66439241,30990093.1052188,30.1815
2025,1,"2025-T1","Preta",2279160.37924512,30990093.1052188,7.3545
2025,1,"2025-T1","Amarela",441779.94296222,30990093.1052188,1.4256
2025,1,"2025-T1","Indigena",90779.96386181,30990093.1052188,0.2929
2025,1,"2025-T1","Ignorado",5888.73701323,30990093.1052188,0.019
2025,2,"2025-T2","Branca",19216916.4219143,31333777.2159234,61.3297
2025,2,"2025-T2","Parda",9376544.94199041,31333777.2159234,29.9247
2025,2,"2025-T2","Preta",2248367.84857931,31333777.2159234,7.1755
2025,2,"2025-T2","Amarela",392498.69490266,31333777.2159234,1.2526
2025,2,"2025-T2","Indigena",92601.33680668,31333777.2159234,0.2955
2025,2,"2025-T2","Ignorado",6847.97173002,31333777.2159234,0.0219
2025,3,"2025-T3","Branca",19469864.8693329,31666936.2508065,61.4833
2025,3,"2025-T3","Parda",9424144.82811583,31666936.2508065,29.7602
2025,3,"2025-T3","Preta",2251588.0333662,31666936.2508065,7.1102
2025,3,"2025-T3","Amarela",408926.1934369,31666936.2508065,1.2913
2025,3,"2025-T3","Indigena",105854.53847177,31666936.2508065,0.3343
2025,3,"2025-T3","Ignorado",6557.78808295,31666936.2508065,0.0207
2025,4,"2025-T4","Branca",19815923.2332145,32325029.0762135,61.3021
2025,4,"2025-T4","Parda",9574914.77996606,32325029.0762135,29.6207
2025,4,"2025-T4","Preta",2399638.34812851,32325029.0762135,7.4235
2025,4,"2025-T4","Amarela",425064.74668037,32325029.0762135,1.315
2025,4,"2025-T4","Indigena",103862.86595573,32325029.0762135,0.3213
2025,4,"2025-T4","Ignorado",5625.10226835,32325029.0762135,0.0174
2026,1,"2026-T1","Branca",19878679.4101395,32574066.4632431,61.0261
2026,1,"2026-T1","Parda",9848659.83813442,32574066.4632431,30.2347
2026,1,"2026-T1","Preta",2357543.27330359,32574066.4632431,7.2375
2026,1,"2026-T1","Amarela",383809.46528436,32574066.4632431,1.1783
2026,1,"2026-T1","Indigena",99461.66148858,32574066.4632431,0.3053
2026,1,"2026-T1","Ignorado",5912.81489265,32574066.4632431,0.0182
