"Ano","Trimestre","periodo","sexo","peso_ponderado_superior_completo","total_ponderado_superior_completo_periodo","percentual"
2012,1,"2012-T1","Mulher",9048722.88857081,15515687.2648673,58.3198
2012,1,"2012-T1","Homem",6466964.37629652,15515687.2648673,41.6802
2012,2,"2012-T2","Mulher",9130531.74469,15593898.1163427,58.552
2012,2,"2012-T2","Homem",6463366.37165273,15593898.1163427,41.448
2012,3,"2012-T3","Mulher",9253638.39615596,15790957.7529118,58.6009
2012,3,"2012-T3","Homem",6537319.35675585,15790957.7529118,41.3991
2012,4,"2012-T4","Mulher",9316685.01512607,16072295.6284475,57.9674
2012,4,"2012-T4","Homem",6755610.61332145,16072295.6284475,42.0326
2013,1,"2013-T1","Mulher",9488397.01815372,16328824.0773698,58.1083
2013,1,"2013-T1","Homem",6840427.05921607,16328824.0773698,41.8917
2013,2,"2013-T2","Mulher",9511284.19995416,16434817.9943814,57.8728
2013,2,"2013-T2","Homem",6923533.79442724,16434817.9943814,42.1272
2013,3,"2013-T3","Mulher",9559730.4265225,16523102.738106,57.8568
2013,3,"2013-T3","Homem",6963372.31158348,16523102.738106,42.1432
2013,4,"2013-T4","Mulher",9649187.7195603,16666839.4213333,57.8945
2013,4,"2013-T4","Homem",7017651.70177297,16666839.4213333,42.1055
2014,1,"2014-T1","Mulher",9886155.72039148,17095560.1151598,57.8288
2014,1,"2014-T1","Homem",7209404.39476832,17095560.1151598,42.1712
2014,2,"2014-T2","Mulher",9994720.69329174,17307068.3332666,57.7494
2014,2,"2014-T2","Homem",7312347.6399749,17307068.3332666,42.2506
2014,3,"2014-T3","Mulher",10115345.5608098,17467652.7294393,57.909
2014,3,"2014-T3","Homem",7352307.16862949,17467652.7294393,42.091
2014,4,"2014-T4","Mulher",10421842.9704202,17882024.6877844,58.2811
2014,4,"2014-T4","Homem",7460181.71736425,17882024.6877844,41.7189
2015,1,"2015-T1","Mulher",10781191.4926572,18564293.343084,58.0749
2015,1,"2015-T1","Homem",7783101.8504268,18564293.343084,41.9251
2015,2,"2015-T2","Mulher",10922479.2799143,18842764.014244,57.9664
2015,2,"2015-T2","Homem",7920284.73432974,18842764.014244,42.0336
2015,3,"2015-T3","Mulher",11163746.9627156,19270041.0624403,57.9332
2015,3,"2015-T3","Homem",8106294.09972473,19270041.0624403,42.0668
2015,4,"2015-T4","Mulher",11379020.3750924,19586287.9693543,58.0969
2015,4,"2015-T4","Homem",8207267.59426192,19586287.9693543,41.9031
2016,1,"2016-T1","Mulher",11630490.048663,20176698.9278433,57.6432
2016,1,"2016-T1","Homem",8546208.87918033,20176698.9278433,42.3568
2016,2,"2016-T2","Mulher",11618106.6950924,20072720.5083255,57.8801
2016,2,"2016-T2","Homem",8454613.81323309,20072720.5083255,42.1199
2016,3,"2016-T3","Mulher",11803505.9208615,20337831.6588602,58.0372
2016,3,"2016-T3","Homem",8534325.7379987,20337831.6588602,41.9628
2016,4,"2016-T4","Mulher",11905668.2743973,20557896.7808076,57.9129
2016,4,"2016-T4","Homem",8652228.50641029,20557896.7808076,42.0871
2017,1,"2017-T1","Mulher",12295784.6003152,20991626.0484216,58.5747
2017,1,"2017-T1","Homem",8695841.44810643,20991626.0484216,41.4253
2017,2,"2017-T2","Mulher",12221530.2952527,20888573.5353264,58.5082
2017,2,"2017-T2","Homem",8667043.2400737,20888573.5353264,41.4918
2017,3,"2017-T3","Mulher",12400117.4410512,21299889.7152796,58.2168
2017,3,"2017-T3","Homem",8899772.27422846,21299889.7152796,41.7832
2017,4,"2017-T4","Mulher",12565185.7881283,21542964.899518,58.3262
2017,4,"2017-T4","Homem",8977779.11138969,21542964.899518,41.6738
2018,1,"2018-T1","Mulher",12845611.0472505,22078677.8095264,58.1811
2018,1,"2018-T1","Homem",9233066.76227591,22078677.8095264,41.8189
2018,2,"2018-T2","Mulher",12931099.1043654,22249921.8797927,58.1175
2018,2,"2018-T2","Homem",9318822.77542735,22249921.8797927,41.8825
2018,3,"2018-T3","Mulher",13275479.6940356,22671752.3636665,58.5552
2018,3,"2018-T3","Homem",9396272.66963082,22671752.3636665,41.4448
2018,4,"2018-T4","Mulher",13626280.1137808,23253013.1411089,58.6001
2018,4,"2018-T4","Homem",9626733.02732806,23253013.1411089,41.3999
2019,1,"2019-T1","Mulher",13924256.8484288,23840648.9762788,58.4055
2019,1,"2019-T1","Homem",9916392.12784993,23840648.9762788,41.5945
2019,2,"2019-T2","Mulher",13883347.2719469,23763584.174113,58.4228
2019,2,"2019-T2","Homem",9880236.90216608,23763584.174113,41.5772
2019,3,"2019-T3","Mulher",14044005.2809202,23947303.5455083,58.6455
2019,3,"2019-T3","Homem",9903298.26458815,23947303.5455083,41.3545
2019,4,"2019-T4","Mulher",14180953.2689456,24271883.0757103,58.4254
2019,4,"2019-T4","Homem",10090929.8067648,24271883.0757103,41.5746
2020,1,"2020-T1","Mulher",14609035.9767107,25081393.8638158,58.2465
2020,1,"2020-T1","Homem",10472357.8871051,25081393.8638158,41.7535
2020,2,"2020-T2","Mulher",15272932.9837313,26318649.4360769,58.0308
2020,2,"2020-T2","Homem",11045716.4523456,26318649.4360769,41.9692
2020,3,"2020-T3","Mulher",15378590.4621881,26474524.1394883,58.0883
2020,3,"2020-T3","Homem",11095933.6773002,26474524.1394883,41.9117
2020,4,"2020-T4","Mulher",15764558.6468884,27405016.6389259,57.5244
2020,4,"2020-T4","Homem",11640457.9920375,27405016.6389259,42.4756
2021,1,"2021-T1","Mulher",16035800.6579367,27867236.0255255,57.5436
2021,1,"2021-T1","Homem",11831435.3675888,27867236.0255255,42.4564
2021,2,"2021-T2","Mulher",15789869.5751811,27504364.5119028,57.4086
2021,2,"2021-T2","Homem",11714494.9367217,27504364.5119028,42.5914
2021,3,"2021-T3","Mulher",15299478.5811538,26329139.6459008,58.1085
2021,3,"2021-T3","Homem",11029661.064747,26329139.6459008,41.8915
2021,4,"2021-T4","Mulher",15403272.5859861,26358466.3415936,58.4377
2021,4,"2021-T4","Homem",10955193.7556075,26358466.3415936,41.5623
2022,1,"2022-T1","Mulher",15653230.8326474,26768637.4027694,58.476
2022,1,"2022-T1","Homem",11115406.5701221,26768637.4027694,41.524
2022,2,"2022-T2","Mulher",15773161.371824,26957148.8549917,58.512
2022,2,"2022-T2","Homem",11183987.4831678,26957148.8549917,41.488
2022,3,"2022-T3","Mulher",15976142.1152728,27175304.5279605,58.7892
2022,3,"2022-T3","Homem",11199162.4126876,27175304.5279605,41.2108
2022,4,"2022-T4","Mulher",16160746.11127,27702248.4930664,58.3373
2022,4,"2022-T4","Homem",11541502.3817964,27702248.4930664,41.6627
2023,1,"2023-T1","Mulher",16167219.6957151,27796623.7073221,58.1625
2023,1,"2023-T1","Homem",11629404.011607,27796623.7073221,41.8375
2023,2,"2023-T2","Mulher",16287165.4978763,27979520.5353405,58.211
2023,2,"2023-T2","Homem",11692355.0374641,27979520.5353405,41.789
2023,3,"2023-T3","Mulher",16437028.0693053,28437131.1085184,57.8013
2023,3,"2023-T3","Homem",12000103.0392131,28437131.1085184,42.1987
2023,4,"2023-T4","Mulher",16714762.0277439,28881794.593182,57.873
2023,4,"2023-T4","Homem",12167032.565438,28881794.593182,42.127
2024,1,"2024-T1","Mulher",16989610.1371173,29375924.5266556,57.8352
2024,1,"2024-T1","Homem",12386314.3895383,29375924.5266556,42.1648
2024,2,"2024-T2","Mulher",17159153.9091788,29581666.7472501,58.006
2024,2,"2024-T2","Homem",12422512.8380714,29581666.7472501,41.994
2024,3,"2024-T3","Mulher",17210685.1503592,29668757.9938857,58.0095
2024,3,"2024-T3","Homem",12458072.8435266,29668757.9938857,41.9905
2024,4,"2024-T4","Mulher",17560573.9141673,30331075.002069,57.8963
2024,4,"2024-T4","Homem",12770501.0879017,30331075.002069,42.1037
2025,1,"2025-T1","Mulher",17974783.8235435,30990093.1052188,58.0017
2025,1,"2025-T1","Homem",13015309.2816753,30990093.1052188,41.9983
2025,2,"2025-T2","Mulher",18117450.3203861,31333777.2159234,57.8208
2025,2,"2025-T2","Homem",13216326.8955373,31333777.2159234,42.1792
2025,3,"2025-T3","Mulher",18367021.5398359,31666936.2508065,58.0006
2025,3,"2025-T3","Homem",13299914.7109707,31666936.2508065,41.9994
2025,4,"2025-T4","Mulher",18756515.7091744,32325029.0762135,58.0247
2025,4,"2025-T4","Homem",13568513.3670391,32325029.0762135,41.9753
2026,1,"2026-T1","Mulher",18905961.7758478,32574066.4632431,58.0399
2026,1,"2026-T1","Homem",13668104.6873953,32574066.4632431,41.9601
