"Ano","Trimestre","unidade_da_federacao","peso_ponderado_superior_completo","total_ponderado_superior_completo_periodo","percentual"
2012,4,"São Paulo",5430494.64135457,16072295.6284475,33.7879
2012,4,"Rio de Janeiro",1640157.20304833,16072295.6284475,10.2049
2012,4,"Minas Gerais",1481242.20905599,16072295.6284475,9.2161
2012,4,"Paraná",1015359.08213053,16072295.6284475,6.3174
2012,4,"Rio Grande do Sul",907239.0904803,16072295.6284475,5.6447
2012,4,"Bahia",644618.6415761,16072295.6284475,4.0107
2012,4,"Santa Catarina",612566.14919704,16072295.6284475,3.8113
2012,4,"Pernambuco",568168.78054049,16072295.6284475,3.5351
2012,4,"Distrito Federal",488877.13104485,16072295.6284475,3.0417
2012,4,"Goiás",483759.77733272,16072295.6284475,3.0099
2012,4,"Ceará",419109.64922743,16072295.6284475,2.6077
2012,4,"Pará",288354.19536611,16072295.6284475,1.7941
2012,4,"Espírito Santo",280617.51127925,16072295.6284475,1.746
2012,4,"Mato Grosso",242915.21131777,16072295.6284475,1.5114
2012,4,"Maranhão",187783.94774894,16072295.6284475,1.1684
2012,4,"Paraíba",187047.94914338,16072295.6284475,1.1638
2012,4,"Amazonas",179841.73546732,16072295.6284475,1.119
2012,4,"Mato Grosso do Sul",176256.35600126,16072295.6284475,1.0966
2012,4,"Piauí",159307.41163005,16072295.6284475,0.9912
2012,4,"Rio Grande do Norte",152517.79020855,16072295.6284475,0.9489
2012,4,"Sergipe",120439.73395921,16072295.6284475,0.7494
2012,4,"Alagoas",115029.55897754,16072295.6284475,0.7157
2012,4,"Tocantins",84957.93814617,16072295.6284475,0.5286
2012,4,"Rondônia",79949.06592088,16072295.6284475,0.4974
2012,4,"Acre",45849.80499653,16072295.6284475,0.2853
2012,4,"Amapá",44971.90848316,16072295.6284475,0.2798
2012,4,"Roraima",34863.15481305,16072295.6284475,0.2169
2013,4,"São Paulo",5450660.43037755,16666839.4213333,32.7036
2013,4,"Rio de Janeiro",1747177.05738889,16666839.4213333,10.483
2013,4,"Minas Gerais",1547209.56694983,16666839.4213333,9.2832
2013,4,"Paraná",1077632.76984862,16666839.4213333,6.4657
2013,4,"Rio Grande do Sul",997646.48240548,16666839.4213333,5.9858
2013,4,"Santa Catarina",629107.04245325,16666839.4213333,3.7746
2013,4,"Bahia",623095.48196571,16666839.4213333,3.7385
2013,4,"Pernambuco",582547.60007791,16666839.4213333,3.4952
2013,4,"Distrito Federal",500810.67676668,16666839.4213333,3.0048
2013,4,"Goiás",484167.51501829,16666839.4213333,2.905
2013,4,"Ceará",421556.84316202,16666839.4213333,2.5293
2013,4,"Pará",322461.0992653,16666839.4213333,1.9347
2013,4,"Espírito Santo",292178.37469719,16666839.4213333,1.7531
2013,4,"Mato Grosso",270663.12674052,16666839.4213333,1.624
2013,4,"Maranhão",211009.86555179,16666839.4213333,1.266
2013,4,"Paraíba",206114.96878337,16666839.4213333,1.2367
2013,4,"Amazonas",196013.11656989,16666839.4213333,1.1761
2013,4,"Mato Grosso do Sul",195211.68849955,16666839.4213333,1.1713
2013,4,"Piauí",183481.14634001,16666839.4213333,1.1009
2013,4,"Rio Grande do Norte",171968.48015457,16666839.4213333,1.0318
2013,4,"Sergipe",128962.15311206,16666839.4213333,0.7738
2013,4,"Alagoas",126965.02968679,16666839.4213333,0.7618
2013,4,"Tocantins",84337.34045395,16666839.4213333,0.506
2013,4,"Rondônia",80191.76279636,16666839.4213333,0.4811
2013,4,"Amapá",51980.70631172,16666839.4213333,0.3119
2013,4,"Acre",45088.81732147,16666839.4213333,0.2705
2013,4,"Roraima",38600.2786345,16666839.4213333,0.2316
2014,4,"São Paulo",5856104.23632553,17882024.6877844,32.7486
2014,4,"Rio de Janeiro",1822592.58028672,17882024.6877844,10.1923
2014,4,"Minas Gerais",1717119.89980907,17882024.6877844,9.6025
2014,4,"Paraná",1122079.68615503,17882024.6877844,6.2749
2014,4,"Rio Grande do Sul",1012947.75598989,17882024.6877844,5.6646
2014,4,"Bahia",698019.24927598,17882024.6877844,3.9035
2014,4,"Santa Catarina",664920.24556198,17882024.6877844,3.7184
2014,4,"Pernambuco",637086.77020512,17882024.6877844,3.5627
2014,4,"Goiás",541198.05324935,17882024.6877844,3.0265
2014,4,"Distrito Federal",509643.51817132,17882024.6877844,2.85
2014,4,"Ceará",431615.65386874,17882024.6877844,2.4137
2014,4,"Espírito Santo",327981.82433799,17882024.6877844,1.8341
2014,4,"Pará",306430.83264146,17882024.6877844,1.7136
2014,4,"Maranhão",250714.0329329,17882024.6877844,1.402
2014,4,"Mato Grosso",247900.85624413,17882024.6877844,1.3863
2014,4,"Paraíba",241338.39088745,17882024.6877844,1.3496
2014,4,"Mato Grosso do Sul",214964.03624398,17882024.6877844,1.2021
2014,4,"Amazonas",214455.9379245,17882024.6877844,1.1993
2014,4,"Rio Grande do Norte",209430.7163553,17882024.6877844,1.1712
2014,4,"Piauí",202426.03065192,17882024.6877844,1.132
2014,4,"Alagoas",167846.64716139,17882024.6877844,0.9386
2014,4,"Sergipe",147046.08400163,17882024.6877844,0.8223
2014,4,"Tocantins",99307.86747652,17882024.6877844,0.5554
2014,4,"Rondônia",87213.68379293,17882024.6877844,0.4877
2014,4,"Amapá",58800.82804382,17882024.6877844,0.3288
2014,4,"Acre",50333.07164342,17882024.6877844,0.2815
2014,4,"Roraima",42506.19854637,17882024.6877844,0.2377
2015,4,"São Paulo",6325706.28125004,19586287.9693543,32.2966
2015,4,"Rio de Janeiro",1974410.98514278,19586287.9693543,10.0806
2015,4,"Minas Gerais",1883154.00456968,19586287.9693543,9.6147
2015,4,"Paraná",1297565.04492715,19586287.9693543,6.6249
2015,4,"Rio Grande do Sul",1147916.81211983,19586287.9693543,5.8608
2015,4,"Bahia",813776.39427123,19586287.9693543,4.1548
2015,4,"Santa Catarina",757817.3531517,19586287.9693543,3.8691
2015,4,"Pernambuco",688398.91449605,19586287.9693543,3.5147
2015,4,"Goiás",580783.52854006,19586287.9693543,2.9653
2015,4,"Distrito Federal",544258.91073589,19586287.9693543,2.7788
2015,4,"Ceará",463218.5843235,19586287.9693543,2.365
2015,4,"Pará",367488.95475527,19586287.9693543,1.8763
2015,4,"Espírito Santo",345900.28055433,19586287.9693543,1.766
2015,4,"Mato Grosso",267052.8872277,19586287.9693543,1.3635
2015,4,"Paraíba",252705.80366324,19586287.9693543,1.2902
2015,4,"Maranhão",249027.94960689,19586287.9693543,1.2714
2015,4,"Amazonas",248859.789639,19586287.9693543,1.2706
2015,4,"Rio Grande do Norte",244596.81939781,19586287.9693543,1.2488
2015,4,"Mato Grosso do Sul",231232.78901639,19586287.9693543,1.1806
2015,4,"Piauí",217664.89930132,19586287.9693543,1.1113
2015,4,"Alagoas",173768.6695785,19586287.9693543,0.8872
2015,4,"Sergipe",151100.05581131,19586287.9693543,0.7715
2015,4,"Tocantins",102797.37054065,19586287.9693543,0.5248
2015,4,"Rondônia",93174.33246068,19586287.9693543,0.4757
2015,4,"Amapá",64533.39878924,19586287.9693543,0.3295
2015,4,"Acre",54619.08645187,19586287.9693543,0.2789
2015,4,"Roraima",44758.0690322,19586287.9693543,0.2285
2016,4,"São Paulo",6649214.69422147,20557896.7808076,32.3438
2016,4,"Rio de Janeiro",2071237.39176955,20557896.7808076,10.0751
2016,4,"Minas Gerais",1927580.39394719,20557896.7808076,9.3764
2016,4,"Paraná",1294214.65295027,20557896.7808076,6.2955
2016,4,"Rio Grande do Sul",1195073.59134724,20557896.7808076,5.8132
2016,4,"Santa Catarina",806018.17475465,20557896.7808076,3.9207
2016,4,"Bahia",797965.13235561,20557896.7808076,3.8816
2016,4,"Pernambuco",708458.29884924,20557896.7808076,3.4462
2016,4,"Goiás",673636.89521861,20557896.7808076,3.2768
2016,4,"Distrito Federal",579796.93448892,20557896.7808076,2.8203
2016,4,"Ceará",494832.45525847,20557896.7808076,2.407
2016,4,"Pará",417725.30646934,20557896.7808076,2.0319
2016,4,"Espírito Santo",376460.73922716,20557896.7808076,1.8312
2016,4,"Mato Grosso",296114.17708541,20557896.7808076,1.4404
2016,4,"Paraíba",280673.71952271,20557896.7808076,1.3653
2016,4,"Mato Grosso do Sul",261517.67072033,20557896.7808076,1.2721
2016,4,"Amazonas",261095.62836456,20557896.7808076,1.2701
2016,4,"Maranhão",255362.7934928,20557896.7808076,1.2422
2016,4,"Rio Grande do Norte",249017.84529917,20557896.7808076,1.2113
2016,4,"Piauí",218634.02483645,20557896.7808076,1.0635
2016,4,"Alagoas",183515.40470515,20557896.7808076,0.8927
2016,4,"Sergipe",149911.96898924,20557896.7808076,0.7292
2016,4,"Rondônia",115878.93246049,20557896.7808076,0.5637
2016,4,"Tocantins",115325.40862071,20557896.7808076,0.561
2016,4,"Amapá",75356.90472629,20557896.7808076,0.3666
2016,4,"Acre",58469.185009,20557896.7808076,0.2844
2016,4,"Roraima",44808.45611756,20557896.7808076,0.218
2017,4,"São Paulo",6505223.59723177,21542964.899518,30.1965
2017,4,"Rio de Janeiro",2253060.04646509,21542964.899518,10.4584
2017,4,"Minas Gerais",2031538.77600289,21542964.899518,9.4302
2017,4,"Paraná",1347289.8991113,21542964.899518,6.254
2017,4,"Rio Grande do Sul",1247047.41589725,21542964.899518,5.7887
2017,4,"Santa Catarina",902270.5696697,21542964.899518,4.1882
2017,4,"Bahia",879650.14754444,21542964.899518,4.0832
2017,4,"Pernambuco",728759.85730088,21542964.899518,3.3828
2017,4,"Goiás",690413.90654593,21542964.899518,3.2048
2017,4,"Distrito Federal",625796.07692497,21542964.899518,2.9049
2017,4,"Ceará",593147.58862076,21542964.899518,2.7533
2017,4,"Pará",469653.59987436,21542964.899518,2.1801
2017,4,"Espírito Santo",411071.12610349,21542964.899518,1.9081
2017,4,"Mato Grosso",335001.15613084,21542964.899518,1.555
2017,4,"Paraíba",328106.03437102,21542964.899518,1.523
2017,4,"Maranhão",310437.92299244,21542964.899518,1.441
2017,4,"Amazonas",292236.08221959,21542964.899518,1.3565
2017,4,"Mato Grosso do Sul",280406.70009572,21542964.899518,1.3016
2017,4,"Rio Grande do Norte",270816.21349246,21542964.899518,1.2571
2017,4,"Piauí",239877.7965785,21542964.899518,1.1135
2017,4,"Alagoas",180029.98337074,21542964.899518,0.8357
2017,4,"Sergipe",163440.826815,21542964.899518,0.7587
2017,4,"Tocantins",137394.56365906,21542964.899518,0.6378
2017,4,"Rondônia",133698.56450533,21542964.899518,0.6206
2017,4,"Amapá",66928.2654022,21542964.899518,0.3107
2017,4,"Acre",62764.26561151,21542964.899518,0.2913
2017,4,"Roraima",56903.91698072,21542964.899518,0.2641
2018,4,"São Paulo",6960644.54760386,23253013.1411089,29.9344
2018,4,"Rio de Janeiro",2504950.92720983,23253013.1411089,10.7726
2018,4,"Minas Gerais",2163801.2995956,23253013.1411089,9.3055
2018,4,"Paraná",1439297.66155999,23253013.1411089,6.1897
2018,4,"Rio Grande do Sul",1289386.52615139,23253013.1411089,5.545
2018,4,"Bahia",972327.55358817,23253013.1411089,4.1815
2018,4,"Santa Catarina",951119.40990178,23253013.1411089,4.0903
2018,4,"Pernambuco",811950.62456666,23253013.1411089,3.4918
2018,4,"Goiás",744934.76968536,23253013.1411089,3.2036
2018,4,"Ceará",712411.16267484,23253013.1411089,3.0637
2018,4,"Distrito Federal",652954.42299793,23253013.1411089,2.808
2018,4,"Pará",515267.90852643,23253013.1411089,2.2159
2018,4,"Espírito Santo",411799.21675778,23253013.1411089,1.7709
2018,4,"Mato Grosso",393607.57855623,23253013.1411089,1.6927
2018,4,"Maranhão",369909.91179323,23253013.1411089,1.5908
2018,4,"Paraíba",320206.77795171,23253013.1411089,1.3771
2018,4,"Amazonas",315177.633845,23253013.1411089,1.3554
2018,4,"Rio Grande do Norte",307213.16583944,23253013.1411089,1.3212
2018,4,"Mato Grosso do Sul",304262.88732981,23253013.1411089,1.3085
2018,4,"Piauí",248674.56495608,23253013.1411089,1.0694
2018,4,"Alagoas",223491.695074,23253013.1411089,0.9611
2018,4,"Sergipe",170122.14689903,23253013.1411089,0.7316
2018,4,"Tocantins",144332.10153219,23253013.1411089,0.6207
2018,4,"Rondônia",121257.83750416,23253013.1411089,0.5215
2018,4,"Acre",74714.48868409,23253013.1411089,0.3213
2018,4,"Amapá",69460.6818409,23253013.1411089,0.2987
2018,4,"Roraima",59735.6384834,23253013.1411089,0.2569
2019,4,"São Paulo",7140109.96653236,24271883.0757103,29.4172
2019,4,"Rio de Janeiro",2649531.5068139,24271883.0757103,10.9161
2019,4,"Minas Gerais",2174219.22363484,24271883.0757103,8.9578
2019,4,"Paraná",1512413.36983822,24271883.0757103,6.2311
2019,4,"Rio Grande do Sul",1396618.75769166,24271883.0757103,5.7541
2019,4,"Santa Catarina",994946.32802142,24271883.0757103,4.0992
2019,4,"Bahia",993240.61303405,24271883.0757103,4.0921
2019,4,"Pernambuco",839061.87576475,24271883.0757103,3.4569
2019,4,"Goiás",787888.70747678,24271883.0757103,3.2461
2019,4,"Ceará",740093.0784106,24271883.0757103,3.0492
2019,4,"Distrito Federal",677829.57019379,24271883.0757103,2.7927
2019,4,"Pará",563733.42518691,24271883.0757103,2.3226
2019,4,"Espírito Santo",461284.90204635,24271883.0757103,1.9005
2019,4,"Maranhão",392040.62623481,24271883.0757103,1.6152
2019,4,"Mato Grosso",383104.3219563,24271883.0757103,1.5784
2019,4,"Amazonas",363182.01194731,24271883.0757103,1.4963
2019,4,"Paraíba",346736.9420639,24271883.0757103,1.4286
2019,4,"Rio Grande do Norte",333778.4662733,24271883.0757103,1.3752
2019,4,"Mato Grosso do Sul",326085.91644411,24271883.0757103,1.3435
2019,4,"Piauí",261725.48050262,24271883.0757103,1.0783
2019,4,"Alagoas",228238.16282467,24271883.0757103,0.9403
2019,4,"Sergipe",183811.79709317,24271883.0757103,0.7573
2019,4,"Rondônia",153748.26002691,24271883.0757103,0.6334
2019,4,"Tocantins",152091.62856604,24271883.0757103,0.6266
2019,4,"Acre",82500.63093212,24271883.0757103,0.3399
2019,4,"Amapá",74738.67263483,24271883.0757103,0.3079
2019,4,"Roraima",59128.8335646,24271883.0757103,0.2436
2020,4,"São Paulo",8202804.79223268,27405016.638926,29.9318
2020,4,"Rio de Janeiro",3111735.21874876,27405016.638926,11.3546
2020,4,"Minas Gerais",2406964.79974519,27405016.638926,8.7829
2020,4,"Paraná",1802855.53451557,27405016.638926,6.5786
2020,4,"Rio Grande do Sul",1598226.08347477,27405016.638926,5.8319
2020,4,"Santa Catarina",1238860.6149064,27405016.638926,4.5206
2020,4,"Bahia",1121084.07271393,27405016.638926,4.0908
2020,4,"Goiás",806906.41338076,27405016.638926,2.9444
2020,4,"Pernambuco",786856.46686872,27405016.638926,2.8712
2020,4,"Ceará",774195.94809967,27405016.638926,2.825
2020,4,"Distrito Federal",747354.88397379,27405016.638926,2.7271
2020,4,"Pará",648682.55902352,27405016.638926,2.367
2020,4,"Espírito Santo",505817.51020241,27405016.638926,1.8457
2020,4,"Mato Grosso",453518.84904733,27405016.638926,1.6549
2020,4,"Maranhão",398444.10155638,27405016.638926,1.4539
2020,4,"Paraíba",362765.48913831,27405016.638926,1.3237
2020,4,"Rio Grande do Norte",359029.19546195,27405016.638926,1.3101
2020,4,"Mato Grosso do Sul",355751.92096175,27405016.638926,1.2981
2020,4,"Amazonas",354396.85035323,27405016.638926,1.2932
2020,4,"Piauí",297546.86506799,27405016.638926,1.0857
2020,4,"Alagoas",263490.35354499,27405016.638926,0.9615
2020,4,"Sergipe",224024.39544835,27405016.638926,0.8175
2020,4,"Tocantins",187874.98173152,27405016.638926,0.6855
2020,4,"Rondônia",150732.81287718,27405016.638926,0.55
2020,4,"Acre",90273.80294577,27405016.638926,0.3294
2020,4,"Amapá",84176.78821076,27405016.638926,0.3072
2020,4,"Roraima",70645.33469427,27405016.638926,0.2578
2021,4,"São Paulo",7935521.68684297,26358466.3415936,30.1062
2021,4,"Rio de Janeiro",2844663.10004186,26358466.3415936,10.7922
2021,4,"Minas Gerais",2465386.94330155,26358466.3415936,9.3533
2021,4,"Rio Grande do Sul",1597815.45660658,26358466.3415936,6.0619
2021,4,"Paraná",1539977.52881791,26358466.3415936,5.8424
2021,4,"Santa Catarina",1106525.31662254,26358466.3415936,4.198
2021,4,"Bahia",1051620.53340664,26358466.3415936,3.9897
2021,4,"Goiás",846385.80285975,26358466.3415936,3.2111
2021,4,"Pernambuco",763490.79939073,26358466.3415936,2.8966
2021,4,"Ceará",756487.17959756,26358466.3415936,2.87
2021,4,"Distrito Federal",705533.4206273,26358466.3415936,2.6767
2021,4,"Pará",644217.6586746,26358466.3415936,2.4441
2021,4,"Espírito Santo",511338.69823329,26358466.3415936,1.9399
2021,4,"Mato Grosso",432386.23351581,26358466.3415936,1.6404
2021,4,"Maranhão",414670.74870746,26358466.3415936,1.5732
2021,4,"Amazonas",370095.79351062,26358466.3415936,1.4041
2021,4,"Mato Grosso do Sul",360817.27160113,26358466.3415936,1.3689
2021,4,"Piauí",318243.19420423,26358466.3415936,1.2074
2021,4,"Rio Grande do Norte",317901.08197844,26358466.3415936,1.2061
2021,4,"Paraíba",311506.10202563,26358466.3415936,1.1818
2021,4,"Alagoas",257386.14142253,26358466.3415936,0.9765
2021,4,"Sergipe",200446.39555839,26358466.3415936,0.7605
2021,4,"Rondônia",179226.58386977,26358466.3415936,0.68
2021,4,"Tocantins",167755.785515,26358466.3415936,0.6364
2021,4,"Amapá",97517.04454953,26358466.3415936,0.37
2021,4,"Acre",93903.57220557,26358466.3415936,0.3563
2021,4,"Roraima",67646.26790622,26358466.3415936,0.2566
2022,4,"São Paulo",8099564.08562789,27702248.4930664,29.2379
2022,4,"Rio de Janeiro",3038041.14926037,27702248.4930664,10.9668
2022,4,"Minas Gerais",2520081.83464617,27702248.4930664,9.097
2022,4,"Paraná",1632451.8861715,27702248.4930664,5.8928
2022,4,"Rio Grande do Sul",1544061.44861738,27702248.4930664,5.5738
2022,4,"Bahia",1210017.60539098,27702248.4930664,4.3679
2022,4,"Santa Catarina",1107683.04910995,27702248.4930664,3.9985
2022,4,"Pernambuco",917329.93446924,27702248.4930664,3.3114
2022,4,"Goiás",906289.31331366,27702248.4930664,3.2715
2022,4,"Distrito Federal",766928.26189134,27702248.4930664,2.7685
2022,4,"Ceará",763677.89000057,27702248.4930664,2.7567
2022,4,"Pará",707525.42133259,27702248.4930664,2.554
2022,4,"Espírito Santo",533357.45867886,27702248.4930664,1.9253
2022,4,"Maranhão",507503.55869714,27702248.4930664,1.832
2022,4,"Mato Grosso",434155.27269569,27702248.4930664,1.5672
2022,4,"Amazonas",412802.78469655,27702248.4930664,1.4901
2022,4,"Mato Grosso do Sul",412226.24214922,27702248.4930664,1.4881
2022,4,"Piauí",376387.57753427,27702248.4930664,1.3587
2022,4,"Rio Grande do Norte",367416.52047024,27702248.4930664,1.3263
2022,4,"Paraíba",360805.59173346,27702248.4930664,1.3024
2022,4,"Alagoas",252210.40019235,27702248.4930664,0.9104
2022,4,"Sergipe",201899.39984129,27702248.4930664,0.7288
2022,4,"Tocantins",184848.15598504,27702248.4930664,0.6673
2022,4,"Rondônia",182126.2562443,27702248.4930664,0.6574
2022,4,"Amapá",101200.64761742,27702248.4930664,0.3653
2022,4,"Acre",92052.40754552,27702248.4930664,0.3323
2022,4,"Roraima",69604.33915343,27702248.4930664,0.2513
2023,4,"São Paulo",8381938.51192043,28881794.593182,29.0215
2023,4,"Rio de Janeiro",3069801.35283162,28881794.593182,10.6288
2023,4,"Minas Gerais",2688657.55542099,28881794.593182,9.3092
2023,4,"Paraná",1739314.35524934,28881794.593182,6.0222
2023,4,"Rio Grande do Sul",1588804.65283382,28881794.593182,5.5011
2023,4,"Bahia",1223351.35264746,28881794.593182,4.2357
2023,4,"Santa Catarina",1197623.53969797,28881794.593182,4.1466
2023,4,"Goiás",1010608.74590757,28881794.593182,3.4991
2023,4,"Pernambuco",901620.80519352,28881794.593182,3.1218
2023,4,"Ceará",850308.9671231,28881794.593182,2.9441
2023,4,"Distrito Federal",810432.15903096,28881794.593182,2.806
2023,4,"Pará",732606.14340702,28881794.593182,2.5366
2023,4,"Espírito Santo",552362.58654469,28881794.593182,1.9125
2023,4,"Maranhão",514727.27417678,28881794.593182,1.7822
2023,4,"Mato Grosso",480286.45138918,28881794.593182,1.6629
2023,4,"Amazonas",445305.34359655,28881794.593182,1.5418
2023,4,"Mato Grosso do Sul",432580.51646183,28881794.593182,1.4978
2023,4,"Paraíba",399385.61735838,28881794.593182,1.3828
2023,4,"Rio Grande do Norte",387243.53947594,28881794.593182,1.3408
2023,4,"Piauí",329556.04396159,28881794.593182,1.1411
2023,4,"Alagoas",279981.32820023,28881794.593182,0.9694
2023,4,"Sergipe",216500.47119759,28881794.593182,0.7496
2023,4,"Tocantins",188558.37617873,28881794.593182,0.6529
2023,4,"Rondônia",179327.30778479,28881794.593182,0.6209
2023,4,"Amapá",118699.33797625,28881794.593182,0.411
2023,4,"Acre",86487.55011361,28881794.593182,0.2995
2023,4,"Roraima",75724.70750204,28881794.593182,0.2622
2024,4,"São Paulo",8782355.42205764,30331075.002069,28.955
2024,4,"Rio de Janeiro",3178550.39737475,30331075.002069,10.4795
2024,4,"Minas Gerais",2826567.52962898,30331075.002069,9.319
2024,4,"Paraná",1829092.72017802,30331075.002069,6.0304
2024,4,"Rio Grande do Sul",1659441.86915441,30331075.002069,5.4711
2024,4,"Bahia",1347353.63189259,30331075.002069,4.4422
2024,4,"Santa Catarina",1297375.06295826,30331075.002069,4.2774
2024,4,"Goiás",1052504.23383813,30331075.002069,3.4701
2024,4,"Pernambuco",1007975.08657612,30331075.002069,3.3232
2024,4,"Ceará",818005.80612963,30331075.002069,2.6969
2024,4,"Distrito Federal",810058.92466412,30331075.002069,2.6707
2024,4,"Pará",749227.0189834,30331075.002069,2.4702
2024,4,"Espírito Santo",602761.44781131,30331075.002069,1.9873
2024,4,"Maranhão",579532.05670475,30331075.002069,1.9107
2024,4,"Mato Grosso",532342.97223322,30331075.002069,1.7551
2024,4,"Amazonas",476456.53684955,30331075.002069,1.5709
2024,4,"Paraíba",427749.50164599,30331075.002069,1.4103
2024,4,"Mato Grosso do Sul",425018.10431271,30331075.002069,1.4013
2024,4,"Rio Grande do Norte",387000.34729902,30331075.002069,1.2759
2024,4,"Piauí",332820.95281735,30331075.002069,1.0973
2024,4,"Alagoas",287788.69293888,30331075.002069,0.9488
2024,4,"Sergipe",236569.53698977,30331075.002069,0.78
2024,4,"Tocantins",212522.93580034,30331075.002069,0.7007
2024,4,"Rondônia",187871.85014424,30331075.002069,0.6194
2024,4,"Amapá",108142.8791033,30331075.002069,0.3565
2024,4,"Acre",96834.49311961,30331075.002069,0.3193
2024,4,"Roraima",79154.99086293,30331075.002069,0.261
2025,4,"São Paulo",9317154.76793597,32325029.0762135,28.8233
2025,4,"Rio de Janeiro",3216175.46708029,32325029.0762135,9.9495
2025,4,"Minas Gerais",3074677.74084798,32325029.0762135,9.5118
2025,4,"Paraná",2022331.94069336,32325029.0762135,6.2562
2025,4,"Rio Grande do Sul",1809480.6729377,32325029.0762135,5.5978
2025,4,"Bahia",1462193.00816655,32325029.0762135,4.5234
2025,4,"Santa Catarina",1459712.03945596,32325029.0762135,4.5157
2025,4,"Pernambuco",1149735.61147941,32325029.0762135,3.5568
2025,4,"Goiás",1125249.29931907,32325029.0762135,3.481
2025,4,"Distrito Federal",897017.55516898,32325029.0762135,2.775
2025,4,"Ceará",891456.23186178,32325029.0762135,2.7578
2025,4,"Pará",694095.31540485,32325029.0762135,2.1472
2025,4,"Espírito Santo",605459.75754184,32325029.0762135,1.873
2025,4,"Maranhão",557527.29751299,32325029.0762135,1.7248
2025,4,"Mato Grosso",538300.75585689,32325029.0762135,1.6653
2025,4,"Amazonas",477377.75976133,32325029.0762135,1.4768
2025,4,"Paraíba",448486.20723318,32325029.0762135,1.3874
2025,4,"Mato Grosso do Sul",432827.85897561,32325029.0762135,1.339
2025,4,"Rio Grande do Norte",432470.60721029,32325029.0762135,1.3379
2025,4,"Piauí",374182.17330195,32325029.0762135,1.1576
2025,4,"Alagoas",304895.81120301,32325029.0762135,0.9432
2025,4,"Sergipe",260752.39118869,32325029.0762135,0.8067
2025,4,"Tocantins",226496.1225429,32325029.0762135,0.7007
2025,4,"Rondônia",223271.06493159,32325029.0762135,0.6907
2025,4,"Amapá",119976.5261938,32325029.0762135,0.3712
2025,4,"Acre",108492.11051009,32325029.0762135,0.3356
2025,4,"Roraima",95232.98189742,32325029.0762135,0.2946
