"Ano","Trimestre","periodo","sexo","peso_universo","registros_universo","peso_sobreeducados","registros_sobreeducados","percentual_sobreeducados_no_grupo","peso_sobreeducados_total_periodo","participacao_do_grupo_no_total_sobreeducados_periodo"
2012,1,"2012-T1","Homem",3262983.73028284,7270,1529216.89135615,3538,46.8656,3356334.63336439,45.5621
2012,1,"2012-T1","Mulher",3770355.18875081,8931,1827117.74200824,4453,48.4601,3356334.63336439,54.4379
2012,2,"2012-T2","Homem",3247425.53585275,7417,1522024.94750058,3531,46.8687,3393661.61527084,44.849
2012,2,"2012-T2","Mulher",3874206.49463621,9252,1871636.66777026,4567,48.3102,3393661.61527084,55.151
2012,3,"2012-T3","Homem",3303773.8012356,7366,1551964.8292074,3558,46.9755,3416081.76488145,45.4311
2012,3,"2012-T3","Mulher",3984002.3538578,9250,1864116.93567405,4480,46.7901,3416081.76488145,54.5689
2012,4,"2012-T4","Homem",3401151.53431341,7368,1646439.57570318,3629,48.4083,3484858.11378923,47.2455
2012,4,"2012-T4","Mulher",3865643.81606886,9019,1838418.53808605,4484,47.5579,3484858.11378923,52.7545
2013,1,"2013-T1","Homem",3395338.56123104,7660,1639500.21176916,3795,48.2868,3570700.32811087,45.9154
2013,1,"2013-T1","Mulher",3975322.02433567,9500,1931200.11634171,4753,48.5797,3570700.32811087,54.0846
2013,2,"2013-T2","Homem",3440528.17117385,7856,1645216.13998871,3807,47.8187,3499360.43340156,47.0148
2013,2,"2013-T2","Mulher",3923669.06007663,9554,1854144.29341285,4673,47.2554,3499360.43340156,52.9852
2013,3,"2013-T3","Homem",3472041.8666272,7863,1619047.63829242,3707,46.631,3538841.93335996,45.7508
2013,3,"2013-T3","Mulher",4053905.19070667,9646,1919794.29506754,4714,47.3567,3538841.93335996,54.2492
2013,4,"2013-T4","Homem",3508026.97023387,7997,1615438.12838046,3774,46.0498,3540833.16785503,45.6231
2013,4,"2013-T4","Mulher",4075301.39329111,9698,1925395.03947457,4743,47.2455,3540833.16785503,54.3769
2014,1,"2014-T1","Homem",3721199.56138616,8387,1704034.23270528,3963,45.7926,3713260.04170195,45.8905
2014,1,"2014-T1","Mulher",4173142.89624017,10174,2009225.80899667,4992,48.1466,3713260.04170195,54.1095
2014,2,"2014-T2","Homem",3765815.39064958,8518,1718972.63268826,3960,45.6468,3762830.74803725,45.683
2014,2,"2014-T2","Mulher",4253340.09590635,10291,2043858.11534899,5006,48.053,3762830.74803725,54.317
2014,3,"2014-T3","Homem",3765598.01879633,8694,1727362.23597189,4139,45.8722,3747011.29078483,46.0997
2014,3,"2014-T3","Mulher",4297914.78035158,10525,2019649.05481294,5065,46.9914,3747011.29078483,53.9003
2014,4,"2014-T4","Homem",3702440.68466056,8466,1766481.68747778,4103,47.7113,3886715.84130227,45.4492
2014,4,"2014-T4","Mulher",4395897.26264798,10491,2120234.15382449,5184,48.2321,3886715.84130227,54.5508
2015,1,"2015-T1","Homem",3874832.10178879,8867,1855943.23543413,4328,47.8974,4073114.14370453,45.5657
2015,1,"2015-T1","Mulher",4484382.81474793,10712,2217170.9082704,5412,49.4421,4073114.14370453,54.4343
2015,2,"2015-T2","Homem",3851361.65807425,8775,1827968.90402324,4333,47.4629,4081664.84809261,44.7849
2015,2,"2015-T2","Mulher",4604215.71172518,11025,2253695.94406937,5576,48.9485,4081664.84809261,55.2151
2015,3,"2015-T3","Homem",4045414.02860989,9155,1935866.25962982,4536,47.8534,4338786.23826111,44.6177
2015,3,"2015-T3","Mulher",4846135.40563509,11435,2402919.97863129,5788,49.5843,4338786.23826111,55.3823
2015,4,"2015-T4","Homem",4125386.97436187,9136,2092581.69494965,4745,50.7245,4537106.47789632,46.1215
2015,4,"2015-T4","Mulher",4810404.1411735,11142,2444524.78294667,5751,50.8175,4537106.47789632,53.8785
2016,1,"2016-T1","Homem",4255742.78275288,9429,2146798.42886558,4833,50.4447,4552414.84536365,47.1574
2016,1,"2016-T1","Mulher",4854468.72168512,11513,2405616.41649807,5922,49.5547,4552414.84536365,52.8426
2016,2,"2016-T2","Homem",4221750.09064387,9535,2176406.21327407,4950,51.5522,4644587.35396579,46.859
2016,2,"2016-T2","Mulher",4938871.74313432,11763,2468181.14069172,6085,49.9746,4644587.35396579,53.141
2016,3,"2016-T3","Homem",4336781.01724565,9671,2205178.52535339,5022,50.8483,4768812.91699487,46.2417
2016,3,"2016-T3","Mulher",5012374.66100662,11975,2563634.39164148,6323,51.1461,4768812.91699487,53.7583
2016,4,"2016-T4","Homem",4377505.63276382,9698,2271269.73592656,5118,51.885,4947998.84410586,45.9028
2016,4,"2016-T4","Mulher",5175419.97630006,12234,2676729.1081793,6524,51.72,4947998.84410586,54.0972
2017,1,"2017-T1","Homem",4398143.41461081,9941,2295676.84365916,5250,52.1965,5043046.49217605,45.5216
2017,1,"2017-T1","Mulher",5286565.72726554,12584,2747369.64851689,6768,51.9689,5043046.49217605,54.4784
2017,2,"2017-T2","Homem",4394117.73480526,9999,2272604.41966264,5260,51.7192,5031090.03808476,45.1712
2017,2,"2017-T2","Mulher",5287173.67962812,12695,2758485.61842212,6816,52.1732,5031090.03808476,54.8288
2017,3,"2017-T3","Homem",4581371.15778755,10350,2419755.1022371,5571,52.8173,5186736.22020569,46.6528
2017,3,"2017-T3","Mulher",5380240.56857049,13079,2766981.11796859,6909,51.4286,5186736.22020569,53.3472
2017,4,"2017-T4","Homem",4587895.14923156,10367,2448861.42548845,5621,53.3766,5490651.67866383,44.6006
2017,4,"2017-T4","Mulher",5616068.11033589,13585,3041790.25317538,7457,54.1623,5490651.67866383,55.3994
2018,1,"2018-T1","Homem",4787241.0390668,10652,2587941.06849483,5920,54.0591,5673012.65806044,45.6185
2018,1,"2018-T1","Mulher",5741733.17269799,13761,3085071.58956561,7677,53.7307,5673012.65806044,54.3815
2018,2,"2018-T2","Homem",4903639.13572231,10796,2637048.27985614,5922,53.7774,5741846.95968736,45.9268
2018,2,"2018-T2","Mulher",5832262.84589909,13881,3104798.67983122,7672,53.2349,5741846.95968736,54.0732
2018,3,"2018-T3","Homem",4958739.35992085,11164,2631163.5555421,6076,53.0611,5824668.21405591,45.1728
2018,3,"2018-T3","Mulher",5997093.4183919,14290,3193504.65851381,7916,53.2509,5824668.21405591,54.8272
2018,4,"2018-T4","Homem",5090792.03111255,11176,2727710.75951056,6138,53.5813,6060386.92644229,45.0089
2018,4,"2018-T4","Mulher",6254601.01210645,14551,3332676.16693173,8039,53.2836,6060386.92644229,54.9911
2019,1,"2019-T1","Homem",5168726.81829075,11396,2819249.87418726,6337,54.5444,6167262.68252605,45.7131
2019,1,"2019-T1","Mulher",6213178.5600212,14500,3348012.80833879,8055,53.8857,6167262.68252605,54.2869
2019,2,"2019-T2","Homem",5086702.23656272,11312,2781840.66753906,6287,54.6885,6235550.05353181,44.6126
2019,2,"2019-T2","Mulher",6279172.48414476,14613,3453709.38599275,8251,55.0026,6235550.05353181,55.3874
2019,3,"2019-T3","Homem",5117260.89514711,11419,2799614.17559793,6360,54.7092,6264819.4381199,44.6879
2019,3,"2019-T3","Mulher",6308323.02430874,14718,3465205.26252197,8280,54.9307,6264819.4381199,55.3121
2019,4,"2019-T4","Homem",5282149.99496042,11439,2937605.38803685,6426,55.6138,6429561.68990888,45.689
2019,4,"2019-T4","Mulher",6363678.62661213,14612,3491956.30187203,8260,54.8732,6429561.68990888,54.311
2020,1,"2020-T1","Homem",5386948.68778551,10502,3019744.81884018,5981,56.0567,6698119.29397936,45.0835
2020,1,"2020-T1","Mulher",6627058.83115768,13561,3678374.47513918,7738,55.5054,6698119.29397936,54.9165
2020,2,"2020-T2","Homem",5554803.37246643,8421,3145381.11859301,4672,56.6245,6677929.21603112,47.1011
2020,2,"2020-T2","Mulher",6479044.13095485,10810,3532548.09743811,6034,54.5227,6677929.21603112,52.8989
2020,3,"2020-T3","Homem",5519453.3433676,8132,3150786.51747781,4600,57.0851,6728148.35688788,46.8299
2020,3,"2020-T3","Mulher",6441508.9199395,10405,3577361.83941007,5887,55.5361,6728148.35688788,53.1701
2020,4,"2020-T4","Homem",5826812.23038988,7734,3257737.10790854,4386,55.9094,7024961.49488719,46.3737
2020,4,"2020-T4","Mulher",6764868.64938528,9822,3767224.38697865,5569,55.6881,7024961.49488719,53.6263
2021,1,"2021-T1","Homem",6045328.35382713,7413,3381370.30077401,4297,55.9336,7114005.98617882,47.5312
2021,1,"2021-T1","Mulher",6797705.36413511,9326,3732635.68540481,5244,54.9102,7114005.98617882,52.4688
2021,2,"2021-T2","Homem",5983029.09433426,8097,3333291.65152154,4665,55.7124,7077287.12079559,47.0984
2021,2,"2021-T2","Mulher",6789552.76582847,10257,3743995.46927405,5863,55.1435,7077287.12079559,52.9016
2021,3,"2021-T3","Homem",5705468.98133892,9401,3136194.96959155,5434,54.9682,6979669.04915764,44.9333
2021,3,"2021-T3","Mulher",6874906.19018794,12244,3843474.07956609,7106,55.9058,6979669.04915764,55.0667
2021,4,"2021-T4","Homem",5701257.56736059,10037,3213537.32672299,5815,56.3654,7261688.37460068,44.2533
2021,4,"2021-T4","Mulher",7167782.40262117,13368,4048151.04787769,7738,56.477,7261688.37460068,55.7467
2022,1,"2022-T1","Homem",5897142.25524528,10650,3344870.80206603,6200,56.7202,7469022.18884571,44.7832
2022,1,"2022-T1","Mulher",7265222.68469825,14053,4124151.38677968,8137,56.7657,7469022.18884571,55.2168
2022,2,"2022-T2","Homem",5944603.30716324,11023,3363345.21358336,6448,56.5781,7535271.27361706,44.6347
2022,2,"2022-T2","Mulher",7384922.37660873,14628,4171926.0600337,8439,56.4925,7535271.27361706,55.3653
2022,3,"2022-T3","Homem",5921048.44909701,11363,3360969.45433378,6607,56.7631,7636246.19474226,44.0134
2022,3,"2022-T3","Mulher",7570666.11913532,15362,4275276.74040848,8808,56.4716,7636246.19474226,55.9866
2022,4,"2022-T4","Homem",6243771.47274379,11469,3538959.72198518,6629,56.6798,7805895.73955768,45.337
2022,4,"2022-T4","Mulher",7676241.17362149,15242,4266936.0175725,8645,55.5863,7805895.73955768,54.663
2023,1,"2023-T1","Homem",6221850.85498582,11415,3525088.21626489,6623,56.6566,7735651.23170461,45.5694
2023,1,"2023-T1","Mulher",7582388.62909846,14978,4210563.01543972,8512,55.5308,7735651.23170461,54.4306
2023,2,"2023-T2","Homem",6297272.58525786,11576,3557459.49401457,6681,56.4921,7787461.37445397,45.6819
2023,2,"2023-T2","Mulher",7737287.87824678,15275,4230001.8804394,8580,54.6703,7787461.37445397,54.3181
2023,3,"2023-T3","Homem",6507370.76190928,11981,3619880.77839857,6861,55.6274,7916547.5740074,45.7255
2023,3,"2023-T3","Mulher",7790167.93393865,15698,4296666.79560883,8845,55.155,7916547.5740074,54.2745
2023,4,"2023-T4","Homem",6564741.45020738,11752,3728145.4510489,6789,56.7904,7983443.7715112,46.6985
2023,4,"2023-T4","Mulher",7826174.42451462,15443,4255298.3204623,8649,54.3726,7983443.7715112,53.3015
2024,1,"2024-T1","Homem",6683219.97739613,12301,3823917.36349862,7167,57.2167,8161340.74720451,46.854
2024,1,"2024-T1","Mulher",7898549.19500045,16149,4337423.38370589,9051,54.9142,8161340.74720451,53.146
2024,2,"2024-T2","Homem",6622647.32668922,12260,3775799.73921955,7134,57.0135,8188603.03440787,46.1104
2024,2,"2024-T2","Mulher",8089900.1910752,16450,4412803.29518832,9222,54.5471,8188603.03440787,53.8896
2024,3,"2024-T3","Homem",6611053.90066317,12318,3772631.5864344,7174,57.0655,8217918.20072198,45.9074
2024,3,"2024-T3","Mulher",8135049.95046189,16638,4445286.61428758,9340,54.6436,8217918.20072198,54.0926
2024,4,"2024-T4","Homem",6798850.44457172,12312,3894901.79403416,7158,57.2877,8513601.56572855,45.7492
2024,4,"2024-T4","Mulher",8363075.06278987,16299,4618699.77169439,9146,55.2273,8513601.56572855,54.2508
2025,1,"2025-T1","Homem",6826468.74345464,12578,3876950.21730353,7269,56.7929,8488096.31550967,45.6751
2025,1,"2025-T1","Mulher",8447999.00922683,16717,4611146.09820614,9313,54.5827,8488096.31550967,54.3249
2025,2,"2025-T2","Homem",6936755.49009541,12690,3964593.34696426,7329,57.1534,8618268.46101653,46.0022
2025,2,"2025-T2","Mulher",8612088.459105,16903,4653675.11405227,9348,54.0365,8618268.46101653,53.9978
2025,3,"2025-T3","Homem",6971009.27314727,13392,3933565.98044229,7665,56.4275,8620780.93304982,45.6289
2025,3,"2025-T3","Mulher",8694103.65190867,17919,4687214.95260753,9883,53.9126,8620780.93304982,54.3711
2025,4,"2025-T4","Homem",7099157.67782518,13998,4004724.45242566,7991,56.4113,8744246.71835882,45.7984
2025,4,"2025-T4","Mulher",8862712.05903615,18716,4739522.26593316,10191,53.4771,8744246.71835882,54.2016
2026,1,"2026-T1","Homem",7202265.26985297,14727,4041593.87976362,8257,56.1156,8692100.53204932,46.4973
2026,1,"2026-T1","Mulher",8893123.26606027,19468,4650506.6522857,10501,52.2933,8692100.53204932,53.5027
