"Ano","Trimestre","periodo","regiao","peso_universo","registros_universo","peso_sobreeducados","registros_sobreeducados","percentual_sobreeducados_no_grupo","peso_sobreeducados_total_periodo","participacao_do_grupo_no_total_sobreeducados_periodo"
2012,4,"2012-T4","Centro-Oeste",698683.62748235,2349,373356.16465426,1265,53.4371,3964726.30059182,9.4169
2012,4,"2012-T4","Nordeste",1186537.35068143,3268,590670.10815395,1712,49.781,3964726.30059182,14.8981
2012,4,"2012-T4","Norte",366652.25128266,1795,196594.6293436,971,53.6188,3964726.30059182,4.9586
2012,4,"2012-T4","Sudeste",4220096.03243523,6134,2148068.31609497,3138,50.9009,3964726.30059182,54.1795
2012,4,"2012-T4","Sul",1274143.12444434,3766,656037.08234504,1954,51.4885,3964726.30059182,16.5468
2013,4,"2013-T4","Centro-Oeste",738450.19279334,2531,392758.19741392,1358,53.1868,4015353.41603817,9.7814
2013,4,"2013-T4","Nordeste",1254384.36132241,3691,613458.84675807,1876,48.9052,4015353.41603817,15.2778
2013,4,"2013-T4","Norte",397910.26973592,1988,195453.92430414,977,49.1201,4015353.41603817,4.8677
2013,4,"2013-T4","Sudeste",4311161.16026827,6401,2111006.69116907,3102,48.9661,4015353.41603817,52.5734
2013,4,"2013-T4","Sul",1355942.62758818,4035,702675.75639297,2155,51.8219,4015353.41603817,17.4997
2014,4,"2014-T4","Centro-Oeste",759225.81927018,2585,409913.34968616,1413,53.991,4419489.50291715,9.2751
2014,4,"2014-T4","Nordeste",1409300.83758174,4193,731768.72248442,2233,51.9242,4419489.50291715,16.5578
2014,4,"2014-T4","Norte",399487.64303966,2168,214001.76212021,1147,53.5691,4419489.50291715,4.8422
2014,4,"2014-T4","Sudeste",4645243.29686638,6786,2349809.64631121,3375,50.5853,4419489.50291715,53.1693
2014,4,"2014-T4","Sul",1417521.16333425,4277,713996.02231515,2172,50.3693,4419489.50291715,16.1556
2015,4,"2015-T4","Centro-Oeste",829057.36958649,2732,487773.28773589,1597,58.8347,5036724.31971809,9.6843
2015,4,"2015-T4","Nordeste",1562898.95272481,4292,830687.89485742,2342,53.1505,5036724.31971809,16.4926
2015,4,"2015-T4","Norte",465354.49205228,2305,261605.295316,1309,56.2163,5036724.31971809,5.194
2015,4,"2015-T4","Sudeste",4970892.08889295,7240,2592670.95649697,3655,52.1571,5036724.31971809,51.4753
2015,4,"2015-T4","Sul",1605108.22520022,4666,863986.88531181,2553,53.8273,5036724.31971809,17.1537
2016,4,"2016-T4","Centro-Oeste",945502.13062027,3141,559106.10358128,1897,59.1332,5480584.22821005,10.2016
2016,4,"2016-T4","Nordeste",1660570.7742896,4761,858698.29243525,2520,51.711,5480584.22821005,15.668
2016,4,"2016-T4","Norte",547267.48733212,2721,323616.14408523,1564,59.1331,5480584.22821005,5.9048
2016,4,"2016-T4","Sudeste",5284530.9102705,7463,2835711.40003784,3975,53.6606,5480584.22821005,51.741
2016,4,"2016-T4","Sul",1645952.49828798,4862,903452.28807045,2705,54.8893,5480584.22821005,16.4846
2017,4,"2017-T4","Centro-Oeste",1040901.077918,3415,632609.21318054,2091,60.7752,5987911.85438439,10.5648
2017,4,"2017-T4","Nordeste",1815320.68944257,5081,1010995.40577278,2905,55.6924,5987911.85438439,16.8839
2017,4,"2017-T4","Norte",638932.47816197,3074,352085.9380252,1765,55.1053,5987911.85438439,5.8799
2017,4,"2017-T4","Sudeste",5387547.84807553,8145,2973631.40904305,4377,55.1945,5987911.85438439,49.6606
2017,4,"2017-T4","Sul",1817669.45579392,5253,1018589.88836282,2959,56.0382,5987911.85438439,17.0108
2018,4,"2018-T4","Centro-Oeste",1146822.65848587,3655,703028.85019685,2300,61.3023,6613812.35215985,10.6297
2018,4,"2018-T4","Nordeste",2119673.15140233,5648,1143082.98971076,3169,53.9273,6613812.35215985,17.2833
2018,4,"2018-T4","Norte",664054.61084647,3067,391945.31291583,1822,59.0231,6613812.35215985,5.9262
2018,4,"2018-T4","Sudeste",5997244.63007244,8868,3263207.8191669,4759,54.4118,6613812.35215985,49.3393
2018,4,"2018-T4","Sul",1969138.80367564,5553,1112547.38016951,3193,56.4992,6613812.35215985,16.8216
2019,4,"2019-T4","Centro-Oeste",1176428.35268315,3639,709326.04007572,2240,60.2949,7064669.34677607,10.0405
2019,4,"2019-T4","Nordeste",2163706.08144496,5690,1241993.60407301,3364,57.4012,7064669.34677607,17.5804
2019,4,"2019-T4","Norte",753552.19020791,3325,468302.74016009,2048,62.146,7064669.34677607,6.6288
2019,4,"2019-T4","Sudeste",6120731.10326003,8856,3458033.57479799,4911,56.4971,7064669.34677607,48.9483
2019,4,"2019-T4","Sul",2065398.34322883,5697,1187013.38766926,3281,57.4714,7064669.34677607,16.8021
2020,4,"2020-T4","Centro-Oeste",1251698.35715145,2456,804872.49730979,1551,64.3024,7865845.30373532,10.2325
2020,4,"2020-T4","Nordeste",2207300.58913733,3377,1338885.81146206,2048,60.6572,7865845.30373532,17.0215
2020,4,"2020-T4","Norte",803161.27627665,2344,479931.61947572,1487,59.7553,7865845.30373532,6.1015
2020,4,"2020-T4","Sudeste",6722115.28125362,6231,3775294.63012562,3411,56.1623,7865845.30373532,47.996
2020,4,"2020-T4","Sul",2446947.66191299,4005,1466860.74536213,2317,59.9466,7865845.30373532,18.6485
2021,4,"2021-T4","Centro-Oeste",1325799.93721757,3345,828868.91525029,2132,62.5184,8047385.15171079,10.2999
2021,4,"2021-T4","Nordeste",2250618.78914561,4860,1333618.91662145,2948,59.2557,8047385.15171079,16.5721
2021,4,"2021-T4","Norte",864946.08639818,2993,553900.0326018,1937,64.0387,8047385.15171079,6.883
2021,4,"2021-T4","Sudeste",6887843.85393923,7969,3942650.80238946,4451,57.2407,8047385.15171079,48.9929
2021,4,"2021-T4","Sul",2324509.69440641,5428,1388346.48484779,3278,59.7264,8047385.15171079,17.2521
2022,4,"2022-T4","Centro-Oeste",1423297.86019638,3785,877843.37115625,2360,61.6767,8600412.76238568,10.207
2022,4,"2022-T4","Nordeste",2578621.37679857,5818,1517930.83351651,3464,58.866,8600412.76238568,17.6495
2022,4,"2022-T4","Norte",985545.74455875,3575,614406.73050889,2253,62.3418,8600412.76238568,7.1439
2022,4,"2022-T4","Sudeste",7286131.82892762,9021,4127163.97514596,5065,56.6441,8600412.76238568,47.988
2022,4,"2022-T4","Sul",2438823.0519487,5873,1463067.85205807,3498,59.9907,8600412.76238568,17.0116
2023,4,"2023-T4","Centro-Oeste",1565069.69666543,4039,956013.61332617,2505,61.0844,8910017.09648961,10.7296
2023,4,"2023-T4","Nordeste",2656830.4252315,5929,1587786.88365218,3592,59.7624,8910017.09648961,17.8202
2023,4,"2023-T4","Norte",1015145.79886688,3484,626384.12754229,2166,61.7039,8910017.09648961,7.0301
2023,4,"2023-T4","Sudeste",7556078.28397456,9329,4225017.16035027,5140,55.9155,8910017.09648961,47.4187
2023,4,"2023-T4","Sul",2523022.41507293,5944,1514815.3116187,3568,60.0397,8910017.09648961,17.0013
2024,4,"2024-T4","Centro-Oeste",1633187.29767469,4004,1015139.48662299,2543,62.157,9514511.90631895,10.6694
2024,4,"2024-T4","Nordeste",2863003.492937,6495,1692313.46409312,3843,59.1097,9514511.90631895,17.7867
2024,4,"2024-T4","Norte",1066219.36096676,3637,658642.25691039,2262,61.7736,9514511.90631895,6.9225
2024,4,"2024-T4","Sudeste",7963819.25890548,9744,4581289.30247475,5506,57.5263,9514511.90631895,48.1505
2024,4,"2024-T4","Sul",2634107.51944769,6360,1567127.3962177,3784,59.4937,9514511.90631895,16.4709
2025,4,"2025-T4","Centro-Oeste",1684117.7810681,4532,1021643.84231662,2765,60.6634,9824366.34822053,10.3991
2025,4,"2025-T4","Nordeste",3210351.86432571,7841,1762736.0195301,4335,54.9079,9824366.34822053,17.9425
2025,4,"2025-T4","Norte",1086187.78684133,4168,690027.58206899,2655,63.5275,9824366.34822053,7.0236
2025,4,"2025-T4","Sudeste",8153611.63808915,10558,4606880.48788798,5864,56.5011,9824366.34822053,46.8924
2025,4,"2025-T4","Sul",2903627.21642877,7487,1743078.41641684,4443,60.0311,9824366.34822053,17.7424
