"Ano","Trimestre","periodo","cor_ou_raca","peso_universo","registros_universo","peso_sobreeducados","registros_sobreeducados","percentual_sobreeducados_no_grupo","peso_sobreeducados_total_periodo","participacao_do_grupo_no_total_sobreeducados_periodo"
2012,1,"2012-T1","Amarela",98280.50774001,160,44395.80033688,84,45.1725,3356334.63336439,1.3227
2012,1,"2012-T1","Branca",5044383.3526866,10814,2271298.74155974,5008,45.0263,3356334.63336439,67.672
2012,1,"2012-T1","Indigena",13278.49693176,26,4012.77928538,11,30.2201,3356334.63336439,0.1196
2012,1,"2012-T1","Parda",1575600.63452034,4496,871151.02181601,2499,55.2901,3356334.63336439,25.9554
2012,1,"2012-T1","Preta",301795.92715494,705,165476.29036638,389,54.8305,3356334.63336439,4.9303
2012,2,"2012-T2","Amarela",101235.36451685,163,40953.63138177,66,40.4539,3393661.61527084,1.2068
2012,2,"2012-T2","Branca",5105901.75641449,11098,2300175.1255812,5047,45.0493,3393661.61527084,67.7786
2012,2,"2012-T2","Indigena",8300.44927688,17,2505.20660924,7,30.1816,3393661.61527084,0.0738
2012,2,"2012-T2","Parda",1619134.76156217,4712,885045.72692107,2586,54.6616,3393661.61527084,26.0794
2012,2,"2012-T2","Preta",287059.69871857,679,164981.92477756,392,57.473,3393661.61527084,4.8615
2012,3,"2012-T3","Amarela",117739.05104294,177,43232.32858363,70,36.7188,3416081.76488145,1.2656
2012,3,"2012-T3","Branca",5190713.60646887,11014,2296738.5171698,5010,44.2471,3416081.76488145,67.2331
2012,3,"2012-T3","Indigena",8038.09981108,20,1671.15265881,5,20.7904,3416081.76488145,0.0489
2012,3,"2012-T3","Parda",1683436.79515293,4721,913841.69414485,2565,54.2843,3416081.76488145,26.7512
2012,3,"2012-T3","Preta",287848.60261758,684,160598.07232436,388,55.7925,3416081.76488145,4.7012
2012,4,"2012-T4","Amarela",99802.42887133,158,42686.16234418,73,42.7707,3484858.11378923,1.2249
2012,4,"2012-T4","Branca",5167032.49901361,10794,2329078.74365741,4994,45.0758,3484858.11378923,66.8342
2012,4,"2012-T4","Indigena",5859.65617396,14,755.0870679,3,12.8862,3484858.11378923,0.0217
2012,4,"2012-T4","Parda",1700320.69649193,4740,934994.53384478,2624,54.9893,3484858.11378923,26.8302
2012,4,"2012-T4","Preta",293780.06983144,681,177343.58687496,419,60.3661,3484858.11378923,5.089
2013,1,"2013-T1","Amarela",94833.49836623,158,42947.3670608,72,45.2871,3570700.32811087,1.2028
2013,1,"2013-T1","Branca",5253193.71239077,11285,2377119.04318435,5266,45.2509,3570700.32811087,66.5729
2013,1,"2013-T1","Indigena",5594.65661842,16,1468.40154447,6,26.2465,3570700.32811087,0.0411
2013,1,"2013-T1","Parda",1731734.16887863,5008,972770.57552407,2794,56.1732,3570700.32811087,27.2431
2013,1,"2013-T1","Preta",285304.54931266,693,176394.94079718,410,61.8269,3570700.32811087,4.9401
2013,2,"2013-T2","Amarela",121900.81495722,188,56385.80641493,93,46.2555,3499360.43340156,1.6113
2013,2,"2013-T2","Branca",5181976.71774131,11232,2336174.24345825,5183,45.0827,3499360.43340156,66.76
2013,2,"2013-T2","Indigena",5803.27224271,22,2874.70108787,10,49.5359,3499360.43340156,0.0821
2013,2,"2013-T2","Parda",1745103.55186258,5216,926768.49197837,2775,53.1068,3499360.43340156,26.4839
2013,2,"2013-T2","Preta",309412.87444666,752,177157.19046214,419,57.2559,3499360.43340156,5.0626
2013,3,"2013-T3","Amarela",124512.31668581,183,55565.7332282,95,44.6267,3538841.93335996,1.5702
2013,3,"2013-T3","Branca",5370615.19151996,11456,2398031.63756898,5181,44.651,3538841.93335996,67.7632
2013,3,"2013-T3","Indigena",7116.14417991,23,2137.28155401,11,30.0343,3538841.93335996,0.0604
2013,3,"2013-T3","Parda",1718553.44619645,5093,923639.22226115,2733,53.7452,3538841.93335996,26.1
2013,3,"2013-T3","Preta",305149.95875174,754,159468.05874762,401,52.2589,3538841.93335996,4.5062
2013,4,"2013-T4","Amarela",98254.09934914,161,41469.13302979,77,42.206,3540833.16785503,1.1712
2013,4,"2013-T4","Branca",5351201.97592248,11496,2379946.17956353,5230,44.475,3540833.16785503,67.2143
2013,4,"2013-T4","Indigena",8983.63260382,27,5809.86268291,17,64.6716,3540833.16785503,0.1641
2013,4,"2013-T4","Parda",1810674.35012397,5236,936975.81439788,2772,51.7473,3540833.16785503,26.462
2013,4,"2013-T4","Preta",314214.30552557,775,176632.17818092,421,56.2139,3540833.16785503,4.9884
2014,1,"2014-T1","Amarela",133994.17299854,193,55048.75331284,85,41.0829,3713260.04170195,1.4825
2014,1,"2014-T1","Branca",5535863.58838735,12057,2489879.34214877,5529,44.9773,3713260.04170195,67.0537
2014,1,"2014-T1","Indigena",7536.86994887,26,3314.69624266,13,43.9797,3713260.04170195,0.0893
2014,1,"2014-T1","Parda",1904443.2312629,5539,993470.94642255,2924,52.166,3713260.04170195,26.7547
2014,1,"2014-T1","Preta",312504.59502867,746,171546.30357513,404,54.894,3713260.04170195,4.6198
2014,2,"2014-T2","Amarela",117069.13525301,174,49874.0458215,83,42.6022,3762830.74803725,1.3254
2014,2,"2014-T2","Branca",5647867.26389205,12236,2558281.74693795,5552,45.2964,3762830.74803725,67.9882
2014,2,"2014-T2","Indigena",8623.39160275,28,3320.48309867,13,38.5055,3762830.74803725,0.0882
2014,2,"2014-T2","Parda",1928714.75711476,5634,982853.29958249,2917,50.959,3762830.74803725,26.1201
2014,2,"2014-T2","Preta",316880.93869336,737,168501.17259664,401,53.1749,3762830.74803725,4.478
2014,3,"2014-T3","Amarela",126817.10957544,185,62236.65097916,92,49.0759,3747011.29078483,1.661
2014,3,"2014-T3","Branca",5620125.14936775,12376,2457682.04157867,5564,43.73,3747011.29078483,65.5905
2014,3,"2014-T3","Ignorado",3943.61482677,15,1614.63177735,5,40.9429,3747011.29078483,0.0431
2014,3,"2014-T3","Indigena",5485.9434704,20,2534.73620204,8,46.2042,3747011.29078483,0.0676
2014,3,"2014-T3","Parda",1980479.6450336,5856,1045220.42243544,3120,52.7761,3747011.29078483,27.8948
2014,3,"2014-T3","Preta",326661.33687395,767,177722.80781217,415,54.4058,3747011.29078483,4.7431
2014,4,"2014-T4","Amarela",130044.41838304,176,59374.0137565,87,45.6567,3886715.84130227,1.5276
2014,4,"2014-T4","Branca",5607301.56663637,12173,2514377.85341131,5522,44.8411,3886715.84130227,64.6916
2014,4,"2014-T4","Ignorado",10822.15445851,26,6322.95451759,12,58.426,3886715.84130227,0.1627
2014,4,"2014-T4","Indigena",10703.46886754,28,4942.05266905,10,46.1724,3886715.84130227,0.1272
2014,4,"2014-T4","Parda",2013425.64232403,5789,1140461.819494,3259,56.6429,3886715.84130227,29.3426
2014,4,"2014-T4","Preta",326040.69663905,765,161237.14745382,397,49.4531,3886715.84130227,4.1484
2015,1,"2015-T1","Amarela",113917.58108273,167,45399.35767782,71,39.8528,4073114.14370453,1.1146
2015,1,"2015-T1","Branca",5794711.71757797,12494,2641510.22444346,5763,45.5848,4073114.14370453,64.8523
2015,1,"2015-T1","Ignorado",9860.8792764,32,6644.56366253,21,67.3831,4073114.14370453,0.1631
2015,1,"2015-T1","Indigena",8500.86849313,20,2796.59341939,3,32.8977,4073114.14370453,0.0687
2015,1,"2015-T1","Parda",2090805.05520576,6052,1197910.67876178,3433,57.2942,4073114.14370453,29.4102
2015,1,"2015-T1","Preta",341418.81490073,814,178852.72573955,449,52.3851,4073114.14370453,4.3911
2015,2,"2015-T2","Amarela",126688.38188954,176,47451.34677971,74,37.4552,4081664.84809261,1.1625
2015,2,"2015-T2","Branca",5784919.19711197,12479,2589475.46803721,5752,44.7625,4081664.84809261,63.4416
2015,2,"2015-T2","Ignorado",8190.01354837,25,2906.70243867,10,35.4908,4081664.84809261,0.0712
2015,2,"2015-T2","Indigena",6781.34690806,19,2891.87295422,6,42.6445,4081664.84809261,0.0709
2015,2,"2015-T2","Parda",2163421.73719304,6256,1228162.04340058,3575,56.7694,4081664.84809261,30.0897
2015,2,"2015-T2","Preta",365576.69314845,845,210777.41448222,492,57.6561,4081664.84809261,5.164
2015,3,"2015-T3","Amarela",140325.01838686,185,62632.49621138,81,44.6339,4338786.23826111,1.4435
2015,3,"2015-T3","Branca",6045644.87458422,13027,2760531.80728403,6076,45.6615,4338786.23826111,63.6245
2015,3,"2015-T3","Ignorado",4262.97840769,11,2203.66515448,5,51.6931,4338786.23826111,0.0508
2015,3,"2015-T3","Indigena",9541.32796813,23,5902.52845861,13,61.8628,4338786.23826111,0.136
2015,3,"2015-T3","Parda",2274466.69756954,6383,1262622.64393899,3585,55.5129,4338786.23826111,29.1008
2015,3,"2015-T3","Preta",417308.53732854,961,244893.09721362,564,58.6839,4338786.23826111,5.6443
2015,4,"2015-T4","Amarela",146134.15128083,202,71193.47567767,95,48.7179,4537106.47789632,1.5691
2015,4,"2015-T4","Branca",6104518.62373454,12781,2906397.90605168,6120,47.6106,4537106.47789632,64.0584
2015,4,"2015-T4","Indigena",12715.81821939,32,5375.35239941,11,42.273,4537106.47789632,0.1185
2015,4,"2015-T4","Parda",2243704.04229394,6257,1298169.53947081,3673,57.8583,4537106.47789632,28.6123
2015,4,"2015-T4","Preta",428718.48000667,1006,255970.20429675,597,59.7059,4537106.47789632,5.6417
2016,1,"2016-T1","Amarela",157696.42127835,229,57703.10010167,94,36.5913,4552414.84536365,1.2675
2016,1,"2016-T1","Branca",6205876.44753724,13179,2941201.43146302,6341,47.3938,4552414.84536365,64.6075
2016,1,"2016-T1","Ignorado",49.18494144,1,0,0,0,4552414.84536365,0
2016,1,"2016-T1","Indigena",13145.03618916,38,5885.78151975,20,44.7757,4552414.84536365,0.1293
2016,1,"2016-T1","Parda",2318684.3381476,6499,1309635.80531537,3730,56.4818,4552414.84536365,28.7679
2016,1,"2016-T1","Preta",414760.07634421,996,237988.72696384,570,57.3799,4552414.84536365,5.2277
2016,2,"2016-T2","Amarela",162859.11821596,239,70067.44698625,114,43.0233,4644587.35396579,1.5086
2016,2,"2016-T2","Branca",6107132.93232772,13093,2909474.14864976,6306,47.6406,4644587.35396579,62.6423
2016,2,"2016-T2","Ignorado",1207.88696465,2,522.80752684,1,43.2828,4644587.35396579,0.0113
2016,2,"2016-T2","Indigena",20953.28524455,52,10535.45298393,28,50.2807,4644587.35396579,0.2268
2016,2,"2016-T2","Parda",2437071.49490452,6827,1389036.10940911,3930,56.9961,4644587.35396579,29.9066
2016,2,"2016-T2","Preta",431397.11612079,1085,264951.3884099,656,61.4171,4644587.35396579,5.7045
2016,3,"2016-T3","Amarela",186924.2089154,235,81068.68417435,114,43.3698,4768812.91699487,1.7
2016,3,"2016-T3","Branca",6261474.65934343,13332,2978464.74572399,6492,47.5681,4768812.91699487,62.4572
2016,3,"2016-T3","Ignorado",2120.02535426,7,740.14715283,4,34.9122,4768812.91699487,0.0155
2016,3,"2016-T3","Indigena",11420.60461596,36,7531.21931417,23,65.9441,4768812.91699487,0.1579
2016,3,"2016-T3","Parda",2424834.05925925,6884,1415776.97364849,3998,58.3866,4768812.91699487,29.6882
2016,3,"2016-T3","Preta",462382.12076397,1152,285231.14698104,714,61.6873,4768812.91699487,5.9812
2016,4,"2016-T4","Amarela",179477.09809466,243,82123.9065494,124,45.7573,4947998.84410586,1.6597
2016,4,"2016-T4","Branca",6283163.141739,13278,3016446.07836641,6481,48.0084,4947998.84410586,60.963
2016,4,"2016-T4","Ignorado",1274.68336713,3,527.09970008,1,41.3514,4947998.84410586,0.0107
2016,4,"2016-T4","Indigena",21761.98367556,46,9105.77822635,24,41.8426,4947998.84410586,0.184
2016,4,"2016-T4","Parda",2553154.29139618,7154,1520047.44290427,4273,59.5361,4947998.84410586,30.7204
2016,4,"2016-T4","Preta",514094.41079135,1208,319748.53835935,739,62.1965,4947998.84410586,6.4622
2017,1,"2017-T1","Amarela",182159.36224442,252,87592.67373072,132,48.0857,5043046.49217605,1.7369
2017,1,"2017-T1","Branca",6371269.21604235,13800,3076832.00999622,6800,48.2923,5043046.49217605,61.0114
2017,1,"2017-T1","Ignorado",928.75433604,2,0,0,0,5043046.49217605,0
2017,1,"2017-T1","Indigena",11691.23010797,40,5077.31745768,19,43.4284,5043046.49217605,0.1007
2017,1,"2017-T1","Parda",2584630.50471555,7188,1562686.47423293,4329,60.4607,5043046.49217605,30.987
2017,1,"2017-T1","Preta",534030.07443002,1243,310858.0167585,738,58.2098,5043046.49217605,6.1641
2017,2,"2017-T2","Amarela",169885.60127346,248,79976.45977393,119,47.0767,5031090.03808476,1.5896
2017,2,"2017-T2","Branca",6300915.88496917,13755,3030048.92273774,6748,48.089,5031090.03808476,60.2265
2017,2,"2017-T2","Ignorado",1120.93105134,3,0,0,0,5031090.03808476,0
2017,2,"2017-T2","Indigena",9830.71368911,45,5353.5610479,26,54.4575,5031090.03808476,0.1064
2017,2,"2017-T2","Parda",2677487.8119423,7388,1616835.99466908,4443,60.3863,5031090.03808476,32.1369
2017,2,"2017-T2","Preta",522050.471508,1255,298875.09985611,740,57.2502,5031090.03808476,5.9406
2017,3,"2017-T3","Amarela",161178.85975464,251,76303.2700873,133,47.3407,5186736.22020569,1.4711
2017,3,"2017-T3","Branca",6557956.90323029,14315,3158020.77911597,7006,48.1556,5186736.22020569,60.8865
2017,3,"2017-T3","Ignorado",401.98156979,2,103.1411824,1,25.6582,5186736.22020569,0.002
2017,3,"2017-T3","Indigena",18162.6399606,59,7450.25624572,30,41.0197,5186736.22020569,0.1436
2017,3,"2017-T3","Parda",2694625.63705843,7475,1638945.12859039,4517,60.8227,5186736.22020569,31.5988
2017,3,"2017-T3","Preta",529285.70478429,1327,305913.64498391,793,57.7975,5186736.22020569,5.898
2017,4,"2017-T4","Amarela",168583.29210162,260,91993.06564691,138,54.5683,5490651.67866383,1.6754
2017,4,"2017-T4","Branca",6569649.80471942,14318,3272121.78521712,7194,49.8066,5490651.67866383,59.5944
2017,4,"2017-T4","Ignorado",2407.10305038,7,770.52258406,2,32.0104,5490651.67866383,0.014
2017,4,"2017-T4","Indigena",17409.06624676,60,10314.95269052,37,59.2505,5490651.67866383,0.1879
2017,4,"2017-T4","Parda",2852648.3824852,7875,1753201.6356431,4829,61.4587,5490651.67866383,31.9307
2017,4,"2017-T4","Preta",593265.61096407,1432,362249.71688212,878,61.0603,5490651.67866383,6.5976
2018,1,"2018-T1","Amarela",142839.64895102,227,68008.96122702,117,47.6121,5673012.65806044,1.1988
2018,1,"2018-T1","Branca",6762255.23709058,14522,3372047.11339214,7490,49.8657,5673012.65806044,59.4401
2018,1,"2018-T1","Ignorado",2978.41948466,6,144.48175615,1,4.851,5673012.65806044,0.0025
2018,1,"2018-T1","Indigena",12865.23209088,43,8285.39560933,26,64.4014,5673012.65806044,0.146
2018,1,"2018-T1","Parda",2999698.01056196,8210,1840796.7952414,5081,61.3661,5673012.65806044,32.4483
2018,1,"2018-T1","Preta",608337.66358569,1405,383729.9108344,882,63.0784,5673012.65806044,6.7641
2018,2,"2018-T2","Amarela",166333.37534622,246,84269.80378359,117,50.6632,5741846.95968736,1.4676
2018,2,"2018-T2","Branca",6863837.3282583,14693,3399554.66791234,7504,49.5285,5741846.95968736,59.2066
2018,2,"2018-T2","Ignorado",2305.27527446,2,2305.27527446,2,100,5741846.95968736,0.0401
2018,2,"2018-T2","Indigena",26521.06891121,87,15994.50532254,52,60.3087,5741846.95968736,0.2786
2018,2,"2018-T2","Parda",3034371.97653829,8182,1820275.81751332,4972,59.9886,5741846.95968736,31.7019
2018,2,"2018-T2","Preta",642532.95729292,1467,419446.88988111,947,65.2802,5741846.95968736,7.3051
2018,3,"2018-T3","Amarela",150149.99506674,234,73143.20853809,116,48.7134,5824668.21405591,1.2557
2018,3,"2018-T3","Branca",7012422.74940865,15105,3428458.03730269,7646,48.8912,5824668.21405591,58.861
2018,3,"2018-T3","Indigena",28943.70414828,85,13815.6580799,45,47.7329,5824668.21405591,0.2372
2018,3,"2018-T3","Parda",3076625.77644194,8442,1872041.87575067,5203,60.8472,5824668.21405591,32.1399
2018,3,"2018-T3","Preta",687690.55324714,1588,437209.43438456,982,63.5765,5824668.21405591,7.5062
2018,4,"2018-T4","Amarela",168221.29059318,252,87572.5671699,124,52.058,6060386.92644229,1.445
2018,4,"2018-T4","Branca",7043592.69086013,14917,3473014.45809377,7597,49.3074,6060386.92644229,57.3068
2018,4,"2018-T4","Indigena",29991.33837061,87,17666.78244901,46,58.9063,6060386.92644229,0.2915
2018,4,"2018-T4","Parda",3352965.25450769,8772,2020058.59435627,5377,60.2469,6060386.92644229,33.3322
2018,4,"2018-T4","Preta",750622.46888739,1699,462074.52437334,1033,61.5588,6060386.92644229,7.6245
2019,1,"2019-T1","Amarela",167497.62854458,275,84831.50635026,145,50.6464,6167262.68252605,1.3755
2019,1,"2019-T1","Branca",7085032.82079355,15121,3547072.64631523,7794,50.0643,6167262.68252605,57.5145
2019,1,"2019-T1","Indigena",24849.60158782,75,14716.41572132,43,59.2219,6167262.68252605,0.2386
2019,1,"2019-T1","Parda",3337842.00208021,8686,2045066.51914742,5349,61.2691,6167262.68252605,33.16
2019,1,"2019-T1","Preta",766683.32530579,1739,475575.59499182,1061,62.0303,6167262.68252605,7.7113
2019,2,"2019-T2","Amarela",152345.84530242,242,92972.27902927,135,61.0271,6235550.05353181,1.491
2019,2,"2019-T2","Branca",7086810.06622104,15116,3580001.58684876,7805,50.5164,6235550.05353181,57.4128
2019,2,"2019-T2","Ignorado",1073.75493761,3,938.36997268,2,87.3914,6235550.05353181,0.015
2019,2,"2019-T2","Indigena",27793.5545519,88,18497.95664031,55,66.5548,6235550.05353181,0.2967
2019,2,"2019-T2","Parda",3366366.13063728,8836,2087386.60076376,5527,62.0071,6235550.05353181,33.4756
2019,2,"2019-T2","Preta",731485.36905723,1640,455753.26027703,1014,62.3052,6235550.05353181,7.309
2019,3,"2019-T3","Amarela",142791.5814961,260,71572.44567812,135,50.1237,6264819.4381199,1.1425
2019,3,"2019-T3","Branca",7035662.42698317,15048,3550778.02647164,7728,50.4683,6264819.4381199,56.6781
2019,3,"2019-T3","Ignorado",5383.34641396,8,4061.66555976,4,75.4487,6264819.4381199,0.0648
2019,3,"2019-T3","Indigena",36670.33855745,84,16702.29403129,47,45.5471,6264819.4381199,0.2666
2019,3,"2019-T3","Parda",3493269.68994798,9055,2186345.308476,5696,62.5874,6264819.4381199,34.8988
2019,3,"2019-T3","Preta",711806.53605719,1682,435359.69790309,1030,61.1626,6264819.4381199,6.9493
2019,4,"2019-T4","Amarela",132432.60149046,223,70267.34856904,120,53.059,6429561.68990888,1.0929
2019,4,"2019-T4","Branca",7124331.48697289,14927,3586239.23339457,7660,50.3379,6429561.68990888,55.7774
2019,4,"2019-T4","Ignorado",3279.46832801,9,1023.10729165,3,31.1974,6429561.68990888,0.0159
2019,4,"2019-T4","Indigena",21568.03528849,59,12600.07710745,33,58.4201,6429561.68990888,0.196
2019,4,"2019-T4","Parda",3587141.34604715,9073,2256627.59195087,5718,62.9088,6429561.68990888,35.0977
2019,4,"2019-T4","Preta",777075.68344555,1760,502804.3315953,1152,64.7047,6429561.68990888,7.8202
2020,1,"2020-T1","Amarela",139229.31093177,210,76393.50902216,124,54.8688,6698119.29397936,1.1405
2020,1,"2020-T1","Branca",7531265.13321449,13927,3894412.69641991,7303,51.7099,6698119.29397936,58.1419
2020,1,"2020-T1","Ignorado",3515.69991665,10,2932.9754237,8,83.4251,6698119.29397936,0.0438
2020,1,"2020-T1","Indigena",24086.17534109,67,13968.41095574,40,57.9935,6698119.29397936,0.2085
2020,1,"2020-T1","Parda",3524406.29013676,8261,2217401.07428167,5218,62.9156,6698119.29397936,33.1048
2020,1,"2020-T1","Preta",791504.90940243,1588,493010.62787618,1026,62.2878,6698119.29397936,7.3604
2020,2,"2020-T2","Amarela",173457.37612059,169,84051.54413088,90,48.4566,6677929.21603112,1.2586
2020,2,"2020-T2","Branca",7565636.61833177,11419,3898089.32990781,5897,51.5236,6677929.21603112,58.3727
2020,2,"2020-T2","Ignorado",3132.3855104,8,1948.04303989,5,62.1904,6677929.21603112,0.0292
2020,2,"2020-T2","Indigena",21239.86691676,45,10167.21599114,23,47.8685,6677929.21603112,0.1523
2020,2,"2020-T2","Parda",3497791.80400425,6412,2185461.08057786,3947,62.4812,6677929.21603112,32.7266
2020,2,"2020-T2","Preta",772589.45253751,1178,498212.00238354,744,64.486,6677929.21603112,7.4606
2020,3,"2020-T3","Amarela",154817.1100314,158,96879.11766098,94,62.5765,6728148.35688788,1.4399
2020,3,"2020-T3","Branca",7448221.8492956,10798,3865673.42622463,5629,51.9006,6728148.35688788,57.4552
2020,3,"2020-T3","Ignorado",2590.19588302,5,1808.40181646,3,69.8172,6728148.35688788,0.0269
2020,3,"2020-T3","Indigena",19298.30022923,38,7434.17743517,16,38.5224,6728148.35688788,0.1105
2020,3,"2020-T3","Parda",3589584.88076767,6429,2276150.67591308,4034,63.4099,6728148.35688788,33.8303
2020,3,"2020-T3","Preta",746449.92710018,1109,480202.55783756,711,64.3315,6728148.35688788,7.1372
2020,4,"2020-T4","Amarela",180100.34190943,159,107841.03860234,89,59.8783,7024961.49488719,1.5351
2020,4,"2020-T4","Branca",7858073.44273639,10119,4041997.93515863,5223,51.4375,7024961.49488719,57.5377
2020,4,"2020-T4","Ignorado",4849.16062037,5,4626.93292827,4,95.4172,7024961.49488719,0.0659
2020,4,"2020-T4","Indigena",28588.89366859,51,9416.86365258,25,32.9389,7024961.49488719,0.134
2020,4,"2020-T4","Parda",3697050.45343888,6131,2349516.7101402,3925,63.5511,7024961.49488719,33.4453
2020,4,"2020-T4","Preta",823018.5874015,1091,511562.01440517,689,62.1568,7024961.49488719,7.2821
2021,1,"2021-T1","Amarela",199506.50910412,157,79097.21392284,82,39.6464,7114005.98617882,1.1119
2021,1,"2021-T1","Branca",7877625.71999099,9585,3983575.20121048,4928,50.5682,7114005.98617882,55.9962
2021,1,"2021-T1","Ignorado",2347.45932403,4,1411.01461284,2,60.1082,7114005.98617882,0.0198
2021,1,"2021-T1","Indigena",33488.34791668,45,11635.13902201,24,34.7438,7114005.98617882,0.1636
2021,1,"2021-T1","Parda",3888171.06779406,5902,2509084.59331396,3828,64.5312,7114005.98617882,35.2696
2021,1,"2021-T1","Preta",841894.61383236,1046,529202.82409669,677,62.8586,7114005.98617882,7.4389
2021,2,"2021-T2","Amarela",171987.879497,153,73943.84064696,77,42.9936,7077287.12079559,1.0448
2021,2,"2021-T2","Branca",7875964.99487621,10577,4092457.08221055,5587,51.9613,7077287.12079559,57.8252
2021,2,"2021-T2","Ignorado",2989.23609979,8,1737.58923418,3,58.1282,7077287.12079559,0.0246
2021,2,"2021-T2","Indigena",33171.40777779,49,19590.55620242,33,59.0586,7077287.12079559,0.2768
2021,2,"2021-T2","Parda",3855291.166947,6398,2365372.69539388,4065,61.3539,7077287.12079559,33.422
2021,2,"2021-T2","Preta",833177.17496494,1169,524185.3571076,763,62.914,7077287.12079559,7.4066
2021,3,"2021-T3","Amarela",173528.70729313,194,87925.83275633,108,50.6693,6979669.04915764,1.2597
2021,3,"2021-T3","Branca",7697371.03029529,12378,3985437.90098499,6619,51.7766,6979669.04915764,57.1007
2021,3,"2021-T3","Ignorado",5320.17102847,8,3876.14016015,7,72.8574,6979669.04915764,0.0555
2021,3,"2021-T3","Indigena",22966.47031896,53,12452.06805699,29,54.2185,6979669.04915764,0.1784
2021,3,"2021-T3","Parda",3785835.36611322,7525,2332874.50844745,4839,61.6211,6979669.04915764,33.4239
2021,3,"2021-T3","Preta",895353.42647779,1487,557102.59875173,938,62.2215,6979669.04915764,7.9818
2021,4,"2021-T4","Amarela",183509.74542812,216,92018.15662238,117,50.1435,7261688.37460068,1.2672
2021,4,"2021-T4","Branca",7825698.40529243,13395,4095314.60537525,7142,52.3316,7261688.37460068,56.3962
2021,4,"2021-T4","Ignorado",6122.90453654,11,3470.88966828,8,56.687,7261688.37460068,0.0478
2021,4,"2021-T4","Indigena",27144.817006,50,18254.72738292,35,67.2494,7261688.37460068,0.2514
2021,4,"2021-T4","Parda",3870092.46500711,8065,2457480.62744893,5222,63.4993,7261688.37460068,33.8417
2021,4,"2021-T4","Preta",956471.63271156,1668,595149.36810292,1029,62.2234,7261688.37460068,8.1957
2022,1,"2022-T1","Amarela",167057.63560035,236,88352.26195856,123,52.8873,7469022.18884571,1.1829
2022,1,"2022-T1","Branca",7962417.68087408,14066,4177584.57893356,7546,52.4663,7469022.18884571,55.9321
2022,1,"2022-T1","Ignorado",6336.03385302,7,4431.0523984,6,69.9342,7469022.18884571,0.0593
2022,1,"2022-T1","Indigena",23422.4489265,61,9772.77762447,32,41.724,7469022.18884571,0.1308
2022,1,"2022-T1","Parda",3965112.96688566,8509,2515150.59635627,5470,63.432,7469022.18884571,33.6744
2022,1,"2022-T1","Preta",1038018.17380392,1824,673730.92157445,1160,64.9055,7469022.18884571,9.0203
2022,2,"2022-T2","Amarela",173031.85851869,277,101756.63750209,156,58.808,7535271.27361706,1.3504
2022,2,"2022-T2","Branca",8081729.96375795,14537,4225249.11891868,7754,52.2815,7535271.27361706,56.073
2022,2,"2022-T2","Ignorado",4933.81051702,8,1171.26342404,2,23.7395,7535271.27361706,0.0155
2022,2,"2022-T2","Indigena",34921.50133195,76,24206.34843344,49,69.3165,7535271.27361706,0.3212
2022,2,"2022-T2","Parda",3977635.1800623,8845,2513241.07707339,5699,63.1843,7535271.27361706,33.353
2022,2,"2022-T2","Preta",1057273.36958406,1908,669646.82826542,1227,63.3372,7535271.27361706,8.8868
2022,3,"2022-T3","Amarela",182968.65484308,294,100104.8119634,157,54.7115,7636246.19474226,1.3109
2022,3,"2022-T3","Branca",8089213.51207921,15200,4226874.56880281,8089,52.2532,7636246.19474226,55.3528
2022,3,"2022-T3","Ignorado",7522.07749755,11,6316.52909634,9,83.9732,7636246.19474226,0.0827
2022,3,"2022-T3","Indigena",35795.34061968,73,22207.84370076,45,62.0412,7636246.19474226,0.2908
2022,3,"2022-T3","Parda",4102215.39054238,9148,2580836.54319083,5827,62.9132,7636246.19474226,33.7972
2022,3,"2022-T3","Preta",1073999.59265043,1999,699905.89798812,1288,65.1682,7636246.19474226,9.1656
2022,4,"2022-T4","Amarela",191591.924252,295,100210.05248385,154,52.3039,7805895.73955768,1.2838
2022,4,"2022-T4","Branca",8344815.03451562,15157,4275362.59262959,7949,51.2338,7805895.73955768,54.7709
2022,4,"2022-T4","Ignorado",8723.52837901,12,6390.62162785,8,73.2573,7805895.73955768,0.0819
2022,4,"2022-T4","Indigena",34018.53031062,75,17874.99948481,35,52.5449,7805895.73955768,0.229
2022,4,"2022-T4","Parda",4227572.415746,9144,2676090.81322456,5809,63.3009,7805895.73955768,34.2829
2022,4,"2022-T4","Preta",1113291.21316203,2028,729966.66010702,1319,65.5683,7805895.73955768,9.3515
2023,1,"2023-T1","Amarela",189007.74823747,296,91433.75225267,156,48.3757,7735651.23170461,1.182
2023,1,"2023-T1","Branca",8195380.94566402,14965,4220187.58476219,7876,51.4947,7735651.23170461,54.555
2023,1,"2023-T1","Ignorado",7162.97821431,9,4279.24246742,5,59.7411,7735651.23170461,0.0553
2023,1,"2023-T1","Indigena",38188.12541392,74,27012.23578659,39,70.7346,7735651.23170461,0.3492
2023,1,"2023-T1","Parda",4232822.24100294,9013,2658857.77658065,5747,62.8152,7735651.23170461,34.3715
2023,1,"2023-T1","Preta",1141677.44555162,2036,733880.63985509,1312,64.2809,7735651.23170461,9.487
2023,2,"2023-T2","Amarela",218628.75691314,314,108710.00876521,162,49.7236,7787461.37445397,1.396
2023,2,"2023-T2","Branca",8388908.57659557,15241,4283056.86595699,7992,51.0562,7787461.37445397,54.9994
2023,2,"2023-T2","Ignorado",3255.55185396,7,1130.23105924,3,34.717,7787461.37445397,0.0145
2023,2,"2023-T2","Indigena",28521.67623659,72,16169.83551529,45,56.6931,7787461.37445397,0.2076
2023,2,"2023-T2","Parda",4282166.86813024,9164,2674458.8467395,5756,62.4557,7787461.37445397,34.3431
2023,2,"2023-T2","Preta",1113079.03377514,2053,703935.58641774,1303,63.2422,7787461.37445397,9.0393
2023,3,"2023-T3","Amarela",205863.19628971,278,99600.1915037,134,48.3817,7916547.5740074,1.2581
2023,3,"2023-T3","Branca",8579409.55024383,15729,4399145.5172288,8262,51.2756,7916547.5740074,55.569
2023,3,"2023-T3","Ignorado",2153.42687024,4,1743.30111936,3,80.9547,7916547.5740074,0.022
2023,3,"2023-T3","Indigena",33679.43314258,91,23114.55346158,59,68.6311,7916547.5740074,0.292
2023,3,"2023-T3","Parda",4371062.31407786,9499,2704093.07375457,5938,61.8635,7916547.5740074,34.1575
2023,3,"2023-T3","Preta",1105370.77522371,2078,688850.93693939,1310,62.3185,7916547.5740074,8.7014
2023,4,"2023-T4","Amarela",189965.67857497,263,93171.50618096,135,49.0465,7983443.7715112,1.1671
2023,4,"2023-T4","Branca",8651856.04582796,15450,4422929.43578521,8028,51.1212,7983443.7715112,55.4013
2023,4,"2023-T4","Ignorado",1093.6688614,4,0,0,0,7983443.7715112,0
2023,4,"2023-T4","Indigena",33560.52928374,89,20526.66425272,57,61.1631,7983443.7715112,0.2571
2023,4,"2023-T4","Parda",4400758.35632724,9370,2749356.86261177,5937,62.4746,7983443.7715112,34.4382
2023,4,"2023-T4","Preta",1113681.59584669,2019,697459.30268054,1281,62.6265,7983443.7715112,8.7363
2024,1,"2024-T1","Amarela",203137.54138727,289,98472.41095103,149,48.4757,8161340.74720451,1.2066
2024,1,"2024-T1","Branca",8734275.90754822,16260,4536791.62019697,8578,51.9424,8161340.74720451,55.5888
2024,1,"2024-T1","Ignorado",614.22514617,1,614.22514617,1,100,8161340.74720451,0.0075
2024,1,"2024-T1","Indigena",43597.49664244,91,23503.97358299,55,53.9113,8161340.74720451,0.288
2024,1,"2024-T1","Parda",4438309.94422196,9639,2781117.55653318,6075,62.6616,8161340.74720451,34.0767
2024,1,"2024-T1","Preta",1161834.05745052,2170,720840.96079417,1360,62.0434,8161340.74720451,8.8324
2024,2,"2024-T2","Amarela",190031.71936876,257,83801.57033481,128,44.0987,8188603.03440787,1.0234
2024,2,"2024-T2","Branca",8746057.26630403,16257,4478095.68397459,8520,51.2013,8188603.03440787,54.6869
2024,2,"2024-T2","Ignorado",1595.27429434,3,400.48912058,1,25.1047,8188603.03440787,0.0049
2024,2,"2024-T2","Indigena",33662.24290181,84,23149.17412273,54,68.769,8188603.03440787,0.2827
2024,2,"2024-T2","Parda",4607914.73583803,9981,2882769.04356026,6310,62.5612,8188603.03440787,35.2047
2024,2,"2024-T2","Preta",1133286.27905745,2128,720387.0732949,1343,63.5662,8188603.03440787,8.7974
2024,3,"2024-T3","Amarela",174639.98435757,270,75333.2245685,127,43.1363,8217918.20072198,0.9167
2024,3,"2024-T3","Branca",8759147.5385624,16413,4503029.6626096,8607,51.4095,8217918.20072198,54.7953
2024,3,"2024-T3","Ignorado",3153.073668,7,906.12747809,2,28.7379,8217918.20072198,0.011
2024,3,"2024-T3","Indigena",39351.97184083,78,25250.73267777,50,64.1664,8217918.20072198,0.3073
2024,3,"2024-T3","Parda",4619710.21701269,10046,2867020.08202778,6344,62.0606,8217918.20072198,34.8874
2024,3,"2024-T3","Preta",1150101.06568357,2142,746378.37136024,1384,64.8968,8217918.20072198,9.0823
2024,4,"2024-T4","Amarela",179659.71776583,253,89699.14409878,128,49.9272,8513601.56572855,1.0536
2024,4,"2024-T4","Branca",8964380.1774102,16126,4637534.68363966,8423,51.7329,8513601.56572855,54.4721
2024,4,"2024-T4","Ignorado",1350.60384997,4,327.05165623,1,24.2152,8513601.56572855,0.0038
2024,4,"2024-T4","Indigena",41795.31768937,90,25404.12349827,55,60.7822,8513601.56572855,0.2984
2024,4,"2024-T4","Parda",4818800.36841602,10022,3013162.89922682,6333,62.5293,8513601.56572855,35.3923
2024,4,"2024-T4","Preta",1155939.3222302,2116,747473.66360879,1364,64.6637,8513601.56572855,8.7798
2025,1,"2025-T1","Amarela",205967.01097718,288,106173.44699973,158,51.5488,8488096.31550967,1.2509
2025,1,"2025-T1","Branca",8985755.69454248,16505,4547993.73004056,8501,50.6134,8488096.31550967,53.5808
2025,1,"2025-T1","Ignorado",3047.3695896,6,505.94494716,2,16.6027,8488096.31550967,0.006
2025,1,"2025-T1","Indigena",39619.93455041,92,23499.6136475,52,59.3126,8488096.31550967,0.2769
2025,1,"2025-T1","Parda",4859325.95064639,10246,3044580.05200401,6470,62.6544,8488096.31550967,35.8688
2025,1,"2025-T1","Preta",1180751.79237541,2158,765343.52787071,1399,64.8183,8488096.31550967,9.0167
2025,2,"2025-T2","Amarela",174790.30506106,248,93009.79699254,129,53.2122,8618268.46101653,1.0792
2025,2,"2025-T2","Branca",9304959.92183176,16828,4731566.75052847,8646,50.8499,8618268.46101653,54.9016
2025,2,"2025-T2","Ignorado",1994.71282845,4,1392.11358423,2,69.7902,8618268.46101653,0.0162
2025,2,"2025-T2","Indigena",45072.62080085,90,19243.13627448,55,42.6936,8618268.46101653,0.2233
2025,2,"2025-T2","Parda",4833141.48753417,10224,2988972.34765512,6404,61.8433,8618268.46101653,34.6818
2025,2,"2025-T2","Preta",1188884.90114412,2199,784084.31598169,1441,65.9512,8618268.46101653,9.0979
2025,3,"2025-T3","Amarela",174803.5494444,262,102328.96393629,149,58.5394,8620780.93304982,1.187
2025,3,"2025-T3","Branca",9337191.99217235,17729,4764115.09516012,9107,51.023,8620780.93304982,55.2631
2025,3,"2025-T3","Ignorado",1279.19106112,4,1009.52527657,3,78.919,8620780.93304982,0.0117
2025,3,"2025-T3","Indigena",64664.64386522,117,33284.22773353,71,51.4721,8620780.93304982,0.3861
2025,3,"2025-T3","Parda",4871440.29431024,10822,2959057.63013084,6711,60.743,8620780.93304982,34.3247
2025,3,"2025-T3","Preta",1215733.25420261,2377,760985.49081247,1507,62.5948,8620780.93304982,8.8273
2025,4,"2025-T4","Amarela",164885.17945634,289,99859.72658103,176,60.5632,8744246.71835882,1.142
2025,4,"2025-T4","Branca",9500597.85878731,18509,4756670.76688584,9328,50.0671,8744246.71835882,54.3977
2025,4,"2025-T4","Ignorado",2620.61268732,6,1404.26445346,5,53.5853,8744246.71835882,0.0161
2025,4,"2025-T4","Indigena",55940.24881434,116,27456.08995052,72,49.0811,8744246.71835882,0.314
2025,4,"2025-T4","Parda",4965312.29354107,11373,3042324.95382444,7043,61.2716,8744246.71835882,34.7923
2025,4,"2025-T4","Preta",1272513.54357495,2421,816530.91666353,1558,64.1668,8744246.71835882,9.3379
2026,1,"2026-T1","Amarela",159530.07610803,284,84432.97765145,163,52.9261,8692100.53204932,0.9714
2026,1,"2026-T1","Branca",9581502.96229495,19322,4747457.2422431,9583,49.5481,8692100.53204932,54.6181
2026,1,"2026-T1","Ignorado",3823.97053857,9,2752.37140442,6,71.9768,8692100.53204932,0.0317
2026,1,"2026-T1","Indigena",53990.05742384,107,25715.87031726,63,47.6308,8692100.53204932,0.2959
2026,1,"2026-T1","Parda",5068510.22868598,11945,3050632.93118374,7333,60.188,8692100.53204932,35.0966
2026,1,"2026-T1","Preta",1228031.24086187,2528,781109.13924935,1610,63.6066,8692100.53204932,8.9864
