"ocupacao_codigo","ocupacao_nome","ocupacao_nivel_superior","Ano","Trimestre","periodo","peso_total_ocupados_ocupacao","registros_total_ocupados_ocupacao","peso_universo_superior_completo_classificado_ocupacao","registros_universo_superior_completo_classificado_ocupacao","peso_sobreeducados","registros_sobreeducados","percentual_sobreeducados_no_total_ocupados_ocupacao","percentual_sobreeducados_entre_superior_completo_classificado_ocupacao","peso_sobreeducados_total_periodo","participacao_da_ocupacao_no_total_sobreeducados_periodo","registros_com_ocupacao_e_peso_valido","registros_com_rendimento_habitual","rendimento_habitual_medio_ponderado","registros_com_rendimento_efetivo","rendimento_efetivo_medio_ponderado"
"4110","Escriturários gerais",0,2025,4,"2025-T4",4022345.20297149,8199,1413880.42831946,3042,1413880.42831946,3042,35.1506,100,9824366.34822053,14.3916,8199,8112,2946.86830361226,8056,3166.75383847698
"5221","Comerciantes de lojas",0,2025,4,"2025-T4",3187421.25456051,7325,617354.74698627,1331,617354.74698627,1331,19.3685,100,9824366.34822053,6.2839,7325,7255,4100.0211738434,7188,4093.92151479198
"5223","Balconistas e vendedores de lojas",0,2025,4,"2025-T4",3841527.39851328,7294,374050.91511222,773,374050.91511222,773,9.737,100,9824366.34822053,3.8074,7294,6973,2155.04996371158,6852,2311.4188694701
"3411","Profissionais de nível médio do direito e serviços legais e afins",0,2025,4,"2025-T4",442177.3332305,915,259680.50254296,544,259680.50254296,544,58.7277,100,9824366.34822053,2.6432,915,905,6839.28604952924,901,7311.67592217782
"3341","Supervisores de secretaria",0,2025,4,"2025-T4",477325.85063764,851,257361.74537393,462,257361.74537393,462,53.9174,100,9824366.34822053,2.6196,851,851,5135.42424848837,847,5560.01023728747
"5243","Vendedores a domicilio",0,2025,4,"2025-T4",1130381.16793948,2517,243499.26591744,447,243499.26591744,447,21.5413,100,9824366.34822053,2.4785,2517,2497,2658.5885697674,2450,2746.66749553593
"3221","Profissionais de nível médio de enfermagem",0,2025,4,"2025-T4",1158672.81759952,2412,232003.06117086,516,232003.06117086,516,20.0232,100,9824366.34822053,2.3615,2412,2399,3237.27896071027,2381,3472.68772491056
"8322","Condutores de automóveis, taxis e caminhonetes",0,2025,4,"2025-T4",2205988.37429585,4263,227227.73422242,434,227227.73422242,434,10.3005,100,9824366.34822053,2.3129,4263,4252,3085.20478116608,4208,3133.87020564502
"0412","Graduados e praças da polícia militar",0,2025,4,"2025-T4",373819.92069229,777,197597.26110607,441,197597.26110607,441,52.8589,100,9824366.34822053,2.0113,777,777,6897.735356398,776,7196.35584491944
"3334","Agentes imobiliários",0,2025,4,"2025-T4",439052.73149779,812,196846.58485511,379,196846.58485511,379,44.8344,100,9824366.34822053,2.0037,812,809,6203.23252606966,790,6166.16241730389
"5142","Especialistas em tratamento de beleza e afins",0,2025,4,"2025-T4",1395169.95806487,2741,196081.24197665,383,196081.24197665,383,14.0543,100,9824366.34822053,1.9959,2741,2737,2035.13954864119,2668,2048.11492204593
"4120","Secretários (geral)",0,2025,4,"2025-T4",457012.58588446,987,170171.77751629,376,170171.77751629,376,37.2357,100,9824366.34822053,1.7321,987,983,2694.55740426153,980,2853.31709684795
"4226","Recepcionistas em geral",0,2025,4,"2025-T4",1080408.85511596,2096,153607.70958124,301,153607.70958124,301,14.2176,100,9824366.34822053,1.5635,2096,2065,1938.46102863777,2038,2089.65049344039
"5312","Ajudantes de professores",0,2025,4,"2025-T4",604541.03922023,1309,144601.33675351,310,144601.33675351,310,23.9192,100,9824366.34822053,1.4719,1309,1301,1974.70009557685,1292,2082.19945506441
"3253","Trabalhadores comunitários da saúde",0,2025,4,"2025-T4",460694.33211769,1206,125764.40508253,317,125764.40508253,317,27.2989,100,9824366.34822053,1.2801,1206,1206,3461.40070327327,1206,3614.13519715768
"5414","Guardas de segurança",0,2025,4,"2025-T4",1333981.28264377,2883,123986.20437907,250,123986.20437907,250,9.2944,100,9824366.34822053,1.262,2883,2881,2649.71795132189,2858,2816.18323133362
"5311","Cuidadores de crianças",0,2025,4,"2025-T4",1091376.22971115,2302,123077.49622809,251,123077.49622809,251,11.2773,100,9824366.34822053,1.2528,2302,2280,1450.40514614614,2243,1501.46875352597
"3322","Representantes comerciais",0,2025,4,"2025-T4",330753.38027055,594,122814.61267808,201,122814.61267808,201,37.1318,100,9824366.34822053,1.2501,594,593,6316.38263389142,589,6515.09086810226
"5249","Vendedores não classificados anteriormente",0,2025,4,"2025-T4",638492.22225006,1431,122133.91605233,214,122133.91605233,214,19.1285,100,9824366.34822053,1.2432,1431,1384,2968.62674231069,1342,2981.41515285754
"5120","Cozinheiros",0,2025,4,"2025-T4",1572851.4775327,3631,108346.62996711,260,108346.62996711,260,6.8885,100,9824366.34822053,1.1028,3631,3576,2056.9531988882,3511,2142.24521515716
"5244","Vendedores por telefone",0,2025,4,"2025-T4",364584.81046379,560,103724.95185785,158,103724.95185785,158,28.4502,100,9824366.34822053,1.0558,560,556,3156.64840407567,540,3202.5599520765
"4311","Trabalhadores de contabilidade e cálculo de custos",0,2025,4,"2025-T4",330716.6039877,601,103168.59911688,194,103168.59911688,194,31.1955,100,9824366.34822053,1.0501,601,597,3179.84858163895,594,3450.54622393306
"9112","Trabalhadores de limpeza de interior de edifícios, escritórios, hotéis e outros estabelecimentos",0,2025,4,"2025-T4",2822370.0078937,6337,99074.52985275,259,99074.52985275,259,3.5103,100,9824366.34822053,1.0085,6337,6309,1767.63389790802,6235,1884.57526001318
"4321","Trabalhadores de controle de abastecimento e estoques",0,2025,4,"2025-T4",1046108.42620586,1969,99013.7162496,188,99013.7162496,188,9.465,100,9824366.34822053,1.0078,1969,1969,2296.87448008054,1938,2511.65083481521
"3323","Agentes de compras",0,2025,4,"2025-T4",167845.88865755,274,93608.69357935,162,93608.69357935,162,55.7706,100,9824366.34822053,0.9528,274,271,4968.69284375989,270,5387.92531924878
"3339","Agentes de serviços comerciais não classificados anteriormente",0,2025,4,"2025-T4",235244.15534635,413,93345.90993978,162,93345.90993978,162,39.6804,100,9824366.34822053,0.9501,413,410,5802.43750152612,404,5808.90236934422
"5222","Supervisores de lojas",0,2025,4,"2025-T4",357219.604698,668,90472.59685971,164,90472.59685971,164,25.3269,100,9824366.34822053,0.9209,668,666,3508.99116574654,666,3798.57972260916
"6111","Agricultores e trabalhadores qualificados em atividades da agricultura (exclusive hortas, viveiros e jardins)",0,2025,4,"2025-T4",2148011.51404719,9064,88437.48481571,329,88437.48481571,329,4.1172,100,9824366.34822053,0.9002,9064,8262,2549.48997544119,7141,2579.59274201171
"7512","Padeiros, confeiteiros e afins",0,2025,4,"2025-T4",945353.8731736,2006,85556.55881215,195,85556.55881215,195,9.0502,100,9824366.34822053,0.8709,2006,1966,1948.18567558718,1929,2014.82296048093
"3321","Agentes de seguros",0,2025,4,"2025-T4",150991.77073178,261,80004.41048065,131,80004.41048065,131,52.9859,100,9824366.34822053,0.8143,261,261,5811.18457942957,261,5887.87493557276
"3122","Supervisores de indústrias de transformação",0,2025,4,"2025-T4",295132.04308433,482,78874.19515213,123,78874.19515213,123,26.7251,100,9824366.34822053,0.8028,482,482,4292.08572555228,479,4757.98120990421
"3513","Técnicos de redes e sistemas de computadores",0,2025,4,"2025-T4",276146.47710019,488,77266.90284642,153,77266.90284642,153,27.9804,100,9824366.34822053,0.7865,488,487,3744.98032089956,486,3938.82289011454
"5230","Caixas e expedidores de bilhetes",0,2025,4,"2025-T4",1108479.39439243,2206,76901.94352177,168,76901.94352177,168,6.9376,100,9824366.34822053,0.7828,2206,2163,1838.44579548464,2128,1960.92815909732
"5141","Cabeleireiros",0,2025,4,"2025-T4",1121392.31552862,2258,76408.97532628,158,76408.97532628,158,6.8138,100,9824366.34822053,0.7777,2258,2250,2532.97691711941,2224,2531.55201612816
"4312","Trabalhadores de serviços estatísticos, financeiros e de seguros",0,2025,4,"2025-T4",116554.62921271,221,73787.9775829,139,73787.9775829,139,63.3076,100,9824366.34822053,0.7511,221,221,5001.47164279033,217,5796.1664250798
"7543","Classificadores e provadores de produtos (exceto de bebidas e alimentos)",0,2025,4,"2025-T4",241062.01478723,374,72238.55750411,102,72238.55750411,102,29.9668,100,9824366.34822053,0.7353,374,374,3474.83797298078,372,3853.27466669556
"4222","Trabalhadores de centrais de atendimento",0,2025,4,"2025-T4",394487.59547795,695,68782.3012773,110,68782.3012773,110,17.4359,100,9824366.34822053,0.7001,695,693,1895.22679260415,684,2092.77614778548
"6121","Criadores de gado e trabalhadores qualificados da criação de gado",0,2025,4,"2025-T4",1431175.47339781,7074,68627.4374628,280,68627.4374628,280,4.7952,100,9824366.34822053,0.6985,7074,6552,3032.97062624535,6039,3187.79804746304
"8332","Condutores de caminhões pesados",0,2025,4,"2025-T4",2069301.42774154,4246,65352.6902696,121,65352.6902696,121,3.1582,100,9824366.34822053,0.6652,4246,4245,3618.30510621044,4199,3814.96072148805
"3313","Contabilistas e guarda livros",0,2025,4,"2025-T4",179818.47442624,338,63133.01535578,110,63133.01535578,110,35.1093,100,9824366.34822053,0.6426,338,335,4110.12626103712,331,4290.23734289061
"0210","Graduados e praças das forças armadas",0,2025,4,"2025-T4",248504.90387119,519,61983.48742795,120,61983.48742795,120,24.9426,100,9824366.34822053,0.6309,519,519,4117.47534773927,519,4352.38247575962
"9111","Trabalhadores dos serviços domésticos em geral",0,2025,4,"2025-T4",4059753.5566792,9996,61482.18463584,154,61482.18463584,154,1.5144,100,9824366.34822053,0.6258,9996,9886,1333.32161670551,9726,1382.65511247771
"3431","Fotógrafos",0,2025,4,"2025-T4",142922.78874043,246,56885.42264833,84,56885.42264833,84,39.8015,100,9824366.34822053,0.579,246,244,3753.66106509248,242,3896.78767370272
"7233","Mecânicos e reparadores de máquinas agrícolas e industriais",0,2025,4,"2025-T4",572982.40648793,1115,54674.06433445,104,54674.06433445,104,9.542,100,9824366.34822053,0.5565,1115,1111,3905.19960187171,1103,4156.34748425577
"7231","Mecânicos e reparadores de veículos a motor",0,2025,4,"2025-T4",1365282.4855385,2814,52506.48955773,116,52506.48955773,116,3.8458,100,9824366.34822053,0.5345,2814,2798,2867.47713188924,2769,2905.59581348825
"7112","Pedreiros",0,2025,4,"2025-T4",2760281.64991523,6166,49785.14886257,105,49785.14886257,105,1.8036,100,9824366.34822053,0.5068,6166,6157,2630.54141406817,6036,2647.19580892961
"5322","Trabalhadores de cuidados pessoais a domicílios",0,2025,4,"2025-T4",688821.16327424,1483,45439.36970006,88,45439.36970006,88,6.5967,100,9824366.34822053,0.4625,1483,1465,1686.99300722171,1437,1745.91919250703
"3521","Técnicos de radiodifusão e gravação audiovisual",0,2025,4,"2025-T4",135854.08163133,257,43814.20943698,78,43814.20943698,78,32.2509,100,9824366.34822053,0.446,257,256,4074.27832681056,254,4045.03062527708
"3112","Técnicos em engenharia civil",0,2025,4,"2025-T4",149025.39567809,306,43127.79228862,89,43127.79228862,89,28.9399,100,9824366.34822053,0.439,306,306,3989.86322676597,305,4242.9504464753
"3511","Técnicos em operações de tecnologia da informação e das comunicações",0,2025,4,"2025-T4",230820.45400593,382,42781.81149715,72,42781.81149715,72,18.5347,100,9824366.34822053,0.4355,382,379,4613.50828676838,377,4879.07421911102
"3412","Trabalhadores e assistentes sociais de nível médio",0,2025,4,"2025-T4",119268.27251263,268,41759.08073001,96,41759.08073001,96,35.0127,100,9824366.34822053,0.4251,268,267,3108.54097456138,266,3423.41860493312
"4225","Trabalhadores dos serviços de informações",0,2025,4,"2025-T4",139128.64254478,262,41213.54033489,70,41213.54033489,70,29.6226,100,9824366.34822053,0.4195,262,260,2602.8304814148,260,2758.29057941335
"5153","Porteiros e zeladores",0,2025,4,"2025-T4",820173.06445386,1691,40224.66865183,81,40224.66865183,81,4.9044,100,9824366.34822053,0.4094,1691,1689,2259.22633328457,1681,2409.03642215177
"3123","Supervisores da construção",0,2025,4,"2025-T4",159373.93063825,307,39056.010483,63,39056.010483,63,24.5059,100,9824366.34822053,0.3975,307,307,4939.96612237542,307,5262.47303349986
"4323","Trabalhadores de serviços de transporte",0,2025,4,"2025-T4",178519.10268782,223,38847.36783893,57,38847.36783893,57,21.7609,100,9824366.34822053,0.3954,223,223,3272.86734152656,219,3563.61725238616
"3115","Técnicos em engenharia mecânica",0,2025,4,"2025-T4",210612.72772408,365,38432.25402921,55,38432.25402921,55,18.2478,100,9824366.34822053,0.3912,365,364,4219.09103164135,359,4592.15848808004
"7422","Instaladores e reparadores em tecnologias da informação e comunicações",0,2025,4,"2025-T4",259813.91209309,536,36466.72287166,72,36466.72287166,72,14.0357,100,9824366.34822053,0.3712,536,534,2490.97315774379,532,2648.28222909827
"9412","Ajudantes de cozinha",0,2025,4,"2025-T4",777041.1287144,1596,36452.31977452,64,36452.31977452,64,4.6912,100,9824366.34822053,0.371,1596,1501,1744.75537766676,1467,1825.58115836015
"3114","Técnicos em eletrônica",0,2025,4,"2025-T4",159329.75789165,259,36229.18033761,47,36229.18033761,47,22.7385,100,9824366.34822053,0.3688,259,259,3989.02646953922,258,4183.70866726454
"9333","Carregadores",0,2025,4,"2025-T4",791542.0909877,1561,34532.97431204,59,34532.97431204,59,4.3627,100,9824366.34822053,0.3515,1561,1548,2091.40891823444,1503,2161.02470027084
"7531","Alfaiates, modistas, chapeleiros e peleteiros",0,2025,4,"2025-T4",441011.73788889,967,34283.92266156,80,34283.92266156,80,7.7739,100,9824366.34822053,0.349,967,963,1544.36773420361,945,1586.95898737657
"8153","Operadores de máquinas de costura",0,2025,4,"2025-T4",737851.72021432,1496,34229.05702225,62,34229.05702225,62,4.639,100,9824366.34822053,0.3484,1496,1484,1759.78683809177,1469,1833.85329634128
"8321","Condutores de motocicletas",0,2025,4,"2025-T4",1144521.54467179,2259,34090.86652045,65,34090.86652045,65,2.9786,100,9824366.34822053,0.347,2259,2245,2043.05262786434,2214,2061.50561083709
"5211","Vendedores de quiosques e postos de mercados",0,2025,4,"2025-T4",471757.92205232,1067,33386.80733023,57,33386.80733023,57,7.0771,100,9824366.34822053,0.3398,1067,1021,2022.83609999414,1002,2002.68850937002
"3312","Agentes de empréstimos e financiamento",0,2025,4,"2025-T4",56232.88552456,83,33275.29998782,42,33275.29998782,42,59.1741,100,9824366.34822053,0.3387,83,82,6081.41893372896,82,6476.58344590753
"3119","Técnicos em ciências físicas e da engenharia não classificados anteriormente",0,2025,4,"2025-T4",124031.6542943,225,32894.62782047,69,32894.62782047,69,26.5212,100,9824366.34822053,0.3348,225,223,3694.56849215343,222,3984.7905877261
"3113","Eletrotécnicos",0,2025,4,"2025-T4",206380.11062978,366,32420.99929082,64,32420.99929082,64,15.7094,100,9824366.34822053,0.33,366,366,3832.95928662792,364,4307.50530412478
"0512","Graduados e praças do corpo de bombeiros",0,2025,4,"2025-T4",63063.62858635,153,30363.10815895,86,30363.10815895,86,48.1468,100,9824366.34822053,0.3091,153,153,7657.87413073939,153,8225.26340406645
"3211","Técnicos em aparelhos de diagnóstico e tratamento médico",0,2025,4,"2025-T4",71590.98026903,173,28690.97995169,74,28690.97995169,74,40.0762,100,9824366.34822053,0.292,173,171,3890.6380165463,171,4071.0758842499
"4221","Trabalhadores de agências de viagem",0,2025,4,"2025-T4",52804.1425186,107,28288.18112902,58,28288.18112902,58,53.5719,100,9824366.34822053,0.2879,107,107,4414.81606116697,107,4412.4243491515
"3212","Técnicos de laboratórios médicos",0,2025,4,"2025-T4",65910.88252868,137,28257.90308609,54,28257.90308609,54,42.8729,100,9824366.34822053,0.2876,137,137,3717.46452806641,137,3956.61172724025
"7412","Mecânicos e ajustadores eletricistas",0,2025,4,"2025-T4",344811.21761719,662,27973.88390556,50,27973.88390556,50,8.1128,100,9824366.34822053,0.2847,662,660,2908.42960790364,658,2945.7364019086
"7223","Reguladores e operadores de máquinas-ferramentas",0,2025,4,"2025-T4",282152.70075285,449,26643.23598556,33,26643.23598556,33,9.4428,100,9824366.34822053,0.2712,449,449,3314.17024295593,445,3556.76731747255
"5246","Balconistas dos serviços de alimentação",0,2025,4,"2025-T4",474501.46829265,865,26608.37469636,45,26608.37469636,45,5.6076,100,9824366.34822053,0.2708,865,835,1597.1384453523,817,1648.75699087919
"9313","Trabalhadores elementares da construção de edifícios",0,2025,4,"2025-T4",1747047.48583837,3952,25663.38722409,49,25663.38722409,49,1.469,100,9824366.34822053,0.2612,3952,3927,1486.46272602413,3743,1501.50951407806
"4211","Caixas de banco e afins",0,2025,4,"2025-T4",37186.34884081,82,25610.45304497,57,25610.45304497,57,68.8706,100,9824366.34822053,0.2607,82,82,5751.35714767639,82,6794.4389929189
"3434","Chefes de cozinha",0,2025,4,"2025-T4",62840.51996895,119,25419.74039164,36,25419.74039164,36,40.4512,100,9824366.34822053,0.2587,119,119,5470.4238038696,119,5548.12473082677
"3342","Secretários jurídicos",0,2025,4,"2025-T4",31605.32684166,72,25402.15620689,57,25402.15620689,57,80.373,100,9824366.34822053,0.2586,72,72,6893.10099831401,72,7155.63245160789
"9334","Repositores de prateleiras",0,2025,4,"2025-T4",764167.27779254,1504,25245.53314519,48,25245.53314519,48,3.3037,100,9824366.34822053,0.257,1504,1482,1789.82889746505,1453,1927.91001889853
"3251","Dentistas auxiliares e ajudantes de odontologia",0,2025,4,"2025-T4",108507.12431296,267,25130.45710783,59,25130.45710783,59,23.1602,100,9824366.34822053,0.2558,267,261,2264.01016995633,260,2359.71993387248
"5131","Garçons",0,2025,4,"2025-T4",528597.04888283,1021,24237.7006223,41,24237.7006223,41,4.5853,100,9824366.34822053,0.2467,1021,1007,1854.68115698889,984,1978.01834709617
"5164","Cuidadores de animais",0,2025,4,"2025-T4",172364.27509426,316,24157.88782012,38,24157.88782012,38,14.0156,100,9824366.34822053,0.2459,316,307,2379.096297312,299,2383.0732498252
"3512","Técnicos em assistência ao usuário de tecnologia da informação e das comunicações",0,2025,4,"2025-T4",71517.08420563,108,23882.12131228,41,23882.12131228,41,33.3936,100,9824366.34822053,0.2431,108,108,4796.28178170579,107,5263.16135073012
"3230","Profissionais de nível médio de medicina tradicional e alternativa",0,2025,4,"2025-T4",42121.38403537,77,23384.89854901,42,23384.89854901,42,55.5179,100,9824366.34822053,0.238,77,77,3579.38458062289,75,3577.03263002588
"4229","Trabalhadores de serviços de informação ao cliente não classificados anteriormente",0,2025,4,"2025-T4",128658.15815607,272,22639.26038794,51,22639.26038794,51,17.5964,100,9824366.34822053,0.2304,272,272,1964.76319933905,271,2148.12556263434
"9329","Trabalhadores elementares da indústria de transformação não classificados anteriormente",0,2025,4,"2025-T4",647109.87733861,1176,22184.3345916,44,22184.3345916,44,3.4282,100,9824366.34822053,0.2258,1176,1164,2147.39422465561,1149,2342.31354521736
"3432","Desenhistas e decoradores de interiores",0,2025,4,"2025-T4",44813.32086163,92,22056.9985559,50,22056.9985559,50,49.2197,100,9824366.34822053,0.2245,92,92,5129.24795261227,87,5104.84762125488
"7411","Eletricistas de obras e afins",0,2025,4,"2025-T4",440996.95496269,907,21816.840686,50,21816.840686,50,4.9472,100,9824366.34822053,0.2221,907,904,2801.2488693792,893,2914.3804513568
"6112","Agricultores e trabalhadores qualificados no cultivo de hortas, viveiros e jardins",0,2025,4,"2025-T4",672901.75032197,1972,21443.99163681,56,21443.99163681,56,3.1868,100,9824366.34822053,0.2183,1972,1864,1994.68127929526,1817,2052.93719359627
"5242","Demonstradores de lojas",0,2025,4,"2025-T4",150633.83162654,281,20796.47764011,32,20796.47764011,32,13.806,100,9824366.34822053,0.2117,281,281,2425.01630717919,276,2575.84557515236
"3142","Técnicos agropecuários",0,2025,4,"2025-T4",47453.82798307,113,20069.804451,47,20069.804451,47,42.2933,100,9824366.34822053,0.2043,113,113,4792.05904232056,113,5122.28405953228
"7318","Artesãos de tecidos, couros e materiais semelhantes",0,2025,4,"2025-T4",223495.87315031,526,19362.86413921,63,19362.86413921,63,8.6636,100,9824366.34822053,0.1971,526,520,1614.05577094939,485,1646.43369788232
"8331","Condutores de ônibus e bondes",0,2025,4,"2025-T4",439964.73801259,975,19338.59407925,49,19338.59407925,49,4.3955,100,9824366.34822053,0.1968,975,975,3082.71943523866,966,3334.69121879553
"3118","Desenhistas e projetistas técnicos",0,2025,4,"2025-T4",67524.00168766,110,18654.52811672,32,18654.52811672,32,27.6265,100,9824366.34822053,0.1899,110,110,4153.7703409855,110,4388.55709642283
"5419","Trabalhadores dos serviços de proteção e segurança não classificados anteriormente",0,2025,4,"2025-T4",58515.36573186,109,18525.69029515,42,18525.69029515,42,31.6595,100,9824366.34822053,0.1886,109,109,4092.20436720335,108,4421.17845021857
"7522","Marceneiros e afins",0,2025,4,"2025-T4",383720.05068378,753,18366.55770986,40,18366.55770986,40,4.7864,100,9824366.34822053,0.1869,753,751,3118.14280274728,745,3171.07158582865
"7119","Outros trabalhadores qualificados e operários da construção não classificados anteriormente",0,2025,4,"2025-T4",223392.24581032,574,17632.10707414,19,17632.10707414,19,7.8929,100,9824366.34822053,0.1795,574,565,2281.95542447272,536,2352.60574526944
"3116","Técnicos em química industrial",0,2025,4,"2025-T4",62512.65396301,99,17606.50985252,34,17606.50985252,34,28.1647,100,9824366.34822053,0.1792,99,98,4328.25401866406,98,4475.2949867056
"5245","Frentistas de posto de gasolina",0,2025,4,"2025-T4",361689.43939144,695,17039.54087302,30,17039.54087302,30,4.7111,100,9824366.34822053,0.1734,695,693,2167.79329755099,683,2302.9846736657
"7213","Chapistas e caldeireiros",0,2025,4,"2025-T4",472892.40520549,885,16986.50098483,26,16986.50098483,26,3.592,100,9824366.34822053,0.1729,885,874,2921.44023459108,858,2948.49713803866
"4416","Trabalhadores do serviço de pessoal",0,2025,4,"2025-T4",42118.77279566,85,16723.26809892,25,16723.26809892,25,39.705,100,9824366.34822053,0.1702,85,85,2383.82508870806,85,2648.91561429239
"3344","Secretários de medicina",0,2025,4,"2025-T4",84640.63358505,158,16553.62636359,32,16553.62636359,32,19.5575,100,9824366.34822053,0.1685,158,158,2399.52092191662,157,2569.17203190737
"3522","Técnicos de engenharia de telecomunicações",0,2025,4,"2025-T4",56561.50296976,96,15844.42413696,25,15844.42413696,25,28.0127,100,9824366.34822053,0.1613,96,95,3397.92081704777,94,3691.73122418044
"7131","Pintores e empapeladores",0,2025,4,"2025-T4",725659.95847716,1429,15413.14197497,35,15413.14197497,35,2.124,100,9824366.34822053,0.1569,1429,1425,2441.2989030342,1384,2506.70512566121
"8344","Operadores de empilhadeiras",0,2025,4,"2025-T4",330397.67249701,558,15394.14324338,32,15394.14324338,32,4.6593,100,9824366.34822053,0.1567,558,558,2617.36215408589,554,2909.02971496946
"7319","Artesãos não classificados anteriormente",0,2025,4,"2025-T4",67618.95253317,128,15308.77821244,34,15308.77821244,34,22.6398,100,9824366.34822053,0.1558,128,127,1902.65430043815,124,1872.98022927983
"3255","Técnicos e assistentes fisioterapeutas",0,2025,4,"2025-T4",57435.17909347,139,13963.27909578,31,13963.27909578,31,24.3114,100,9824366.34822053,0.1421,139,133,3646.57158641472,127,3711.23678699886
"9211","Trabalhadores elementares da agricultura",0,2025,4,"2025-T4",1457235.95662394,4501,13791.05528602,35,13791.05528602,35,0.9464,100,9824366.34822053,0.1404,4501,3907,1344.48084171788,3699,1394.51906901342
"5321","Trabalhadores de cuidados pessoais em instituições",0,2025,4,"2025-T4",88903.31997204,157,13682.46197236,21,13682.46197236,21,15.3903,100,9824366.34822053,0.1393,157,154,2257.11814569991,152,2455.27689396879
"7212","Soldadores e oxicortadores",0,2025,4,"2025-T4",319142.65512545,589,13206.46182193,18,13206.46182193,18,4.1381,100,9824366.34822053,0.1344,589,589,3005.9062159625,581,3256.71274813475
"4313","Trabalhadores encarregados de folha de pagamento",0,2025,4,"2025-T4",37809.68359532,61,13069.32627195,22,13069.32627195,22,34.5661,100,9824366.34822053,0.133,61,60,4167.47293265785,59,4606.42510945831
"8211","Mecânicos montadores de maquinaria mecânica",0,2025,4,"2025-T4",106075.28084761,139,12965.4658058,15,12965.4658058,15,12.2229,100,9824366.34822053,0.132,139,139,3097.66043684082,136,3313.59351304564
"4415","Trabalhadores de arquivos",0,2025,4,"2025-T4",50159.6499229,107,12631.52488475,27,12631.52488475,27,25.1826,100,9824366.34822053,0.1286,107,106,2652.20236894687,106,2836.49411773557
"3259","Profissionais de nível médio da saúde não classificados anteriormente",0,2025,4,"2025-T4",40526.26385994,78,12207.70371209,20,12207.70371209,20,30.1229,100,9824366.34822053,0.1243,78,71,3215.7452128532,70,3445.51357987259
"3514","Técnicos da web",0,2025,4,"2025-T4",42574.83231395,54,12206.52898957,11,12206.52898957,11,28.6708,100,9824366.34822053,0.1242,54,54,5631.943061182,54,5981.97794804182
"7511","Magarefes e afins",0,2025,4,"2025-T4",617615.58659525,1254,11679.31891182,40,11679.31891182,40,1.891,100,9824366.34822053,0.1189,1254,1243,2188.79753058329,1224,2356.26431526136
"4412","Trabalhadores de serviços de correios",0,2025,4,"2025-T4",56484.8256046,94,11677.95540447,30,11677.95540447,30,20.6745,100,9824366.34822053,0.1189,94,94,4370.99716257573,94,4637.23067988345
"3353","Agentes de serviços de seguridade social",0,2025,4,"2025-T4",13637.5569365,36,11635.20194432,31,11635.20194432,31,85.3173,100,9824366.34822053,0.1184,36,36,9635.76028022625,35,10194.6500283977
"7111","Construtores de casas",0,2025,4,"2025-T4",53669.86076453,110,11631.33547958,25,11631.33547958,25,21.672,100,9824366.34822053,0.1184,110,110,7306.40422182715,109,7237.84053418824
"4214","Cobradores e afins",0,2025,4,"2025-T4",62271.64374506,111,11563.95608906,19,11563.95608906,19,18.5702,100,9824366.34822053,0.1177,111,111,3262.87841126128,110,3521.12715013223
"7533","Costureiros, bordadeiros e afins",0,2025,4,"2025-T4",148009.24229464,331,11447.59464779,32,11447.59464779,32,7.7344,100,9824366.34822053,0.1165,331,328,1317.94050655284,317,1300.16949318039
"5212","Vendedores ambulantes de serviços de alimentação",0,2025,4,"2025-T4",287290.90202966,673,11394.83227815,23,11394.83227815,23,3.9663,100,9824366.34822053,0.116,673,646,1720.26100069412,638,1703.08290864943
"5165","Instrutores de autoescola",0,2025,4,"2025-T4",36847.57906636,83,10842.8777547,24,10842.8777547,24,29.4263,100,9824366.34822053,0.1104,83,83,2847.70020239958,83,2931.08477032021
"3117","Técnicos em engenharia de minas e metalurgia",0,2025,4,"2025-T4",78411.9135447,85,10842.58761209,17,10842.58761209,17,13.8277,100,9824366.34822053,0.1104,85,85,3888.82049276213,85,4065.85329337744
"9321","empacotadores manuais",0,2025,4,"2025-T4",220116.4990188,419,10660.30262633,14,10660.30262633,14,4.843,100,9824366.34822053,0.1085,419,409,1963.08290019479,398,2120.35323804213
"5329","Trabalhadores de cuidados pessoais nos serviços de saúde não classificados anteriormente",0,2025,4,"2025-T4",46626.24431501,101,10649.2034281,24,10649.2034281,24,22.8395,100,9824366.34822053,0.1084,101,99,2577.20868629204,97,2656.32342182506
"3331","Despachantes aduaneiros",0,2025,4,"2025-T4",21614.10211705,22,10310.74679889,11,10310.74679889,11,47.7038,100,9824366.34822053,0.105,22,22,4531.72164689817,22,5473.46542590028
"9520","Vendedores ambulantes (exclusive de serviços de alimentação)",0,2025,4,"2025-T4",232626.30546118,466,10309.79099682,29,10309.79099682,29,4.4319,100,9824366.34822053,0.1049,466,462,1608.05352482051,454,1614.48874889008
"8341","Operadores de máquinas agrícolas e florestais móveis",0,2025,4,"2025-T4",356785.94538393,1145,10168.13202303,23,10168.13202303,23,2.8499,100,9824366.34822053,0.1035,1145,1137,2914.04585498378,1120,3143.05113680703
"5132","atendentes de bar",0,2025,4,"2025-T4",189514.40752858,379,10021.60938172,19,10021.60938172,19,5.288,100,9824366.34822053,0.102,379,316,1790.46663297077,310,1827.45065072936
"4224","Recepcionistas de hotéis",0,2025,4,"2025-T4",66481.02102258,143,9909.42815541,24,9909.42815541,24,14.9056,100,9824366.34822053,0.1009,143,143,2001.41616663041,141,2131.77836704086
"5152","Governantas e mordomos domésticos",0,2025,4,"2025-T4",26783.48629956,55,9870.27335132,16,9870.27335132,16,36.8521,100,9824366.34822053,0.1005,55,54,3442.08548114601,52,3464.58728918126
"5411","Bombeiros",0,2025,4,"2025-T4",56406.03983186,102,9791.58817891,18,9791.58817891,18,17.3591,100,9824366.34822053,0.0997,102,102,3484.36868317176,102,3884.83541502004
"8121","Operadores de instalações de processamento de metais",0,2025,4,"2025-T4",119423.42331097,189,9551.83838114,15,9551.83838114,15,7.9983,100,9824366.34822053,0.0972,189,189,2880.19635278368,187,3059.5009524266
"8160","Operadores de máquinas para elaborar alimentos e produtos afins",0,2025,4,"2025-T4",280614.9716415,785,9546.48224798,26,9546.48224798,26,3.402,100,9824366.34822053,0.0972,785,654,1857.3209638901,609,2026.73638489668
"3213","Técnicos e assistentes farmacêuticos",0,2025,4,"2025-T4",63650.32401021,129,9515.42339306,19,9515.42339306,19,14.9495,100,9824366.34822053,0.0969,129,126,2874.11453111916,125,3218.59252958493
"7513","Trabalhadores da pasteurização do leite e fabricação de laticínios e afins",0,2025,4,"2025-T4",83011.09417782,289,9364.69284464,21,9364.69284464,21,11.2813,100,9824366.34822053,0.0953,289,261,2361.30898465481,255,2528.14145331094
"5111","Auxiliares de serviço de bordo",0,2025,4,"2025-T4",16614.62226977,26,9298.6965912,13,9298.6965912,13,55.9669,100,9824366.34822053,0.0946,26,26,6007.34251741156,26,6259.75441375214
"5113","Guias de turismo",0,2025,4,"2025-T4",31441.82875079,65,9190.0158701,17,9190.0158701,17,29.2286,100,9824366.34822053,0.0935,65,64,2873.84715535802,61,3053.56595075079
"9122","Lavadores de veículos",0,2025,4,"2025-T4",314370.46810294,593,9184.06306683,15,9184.06306683,15,2.9214,100,9824366.34822053,0.0935,593,580,1962.09630475252,562,2005.64627234377
"7132","Lustradores",0,2025,4,"2025-T4",183537.68012925,347,8968.98811779,13,8968.98811779,13,4.8867,100,9824366.34822053,0.0913,347,347,2853.91818585136,343,2950.51144283751
"7515","Trabalhadores da degustação e classificação de alimentos e bebidas",0,2025,4,"2025-T4",33982.74879376,78,8649.32600476,19,8649.32600476,19,25.4521,100,9824366.34822053,0.088,78,78,3175.89362827332,78,3451.63969146253
"7126","Bombeiros e encanadores",0,2025,4,"2025-T4",188969.99787337,376,8597.40065949,17,8597.40065949,17,4.5496,100,9824366.34822053,0.0875,376,376,2893.90359761433,374,3004.17562993884
"4132","Operadores de entrada de dados",0,2025,4,"2025-T4",20979.13633199,49,8078.91595795,17,8078.91595795,17,38.5093,100,9824366.34822053,0.0822,49,49,1850.97619776219,49,1913.4846307785
"7322","Impressores",0,2025,4,"2025-T4",87909.64062161,158,7876.16010275,17,7876.16010275,17,8.9594,100,9824366.34822053,0.0802,158,158,2995.99307183953,158,2890.17618782321
"9611","Coletores de lixo e material reciclável",0,2025,4,"2025-T4",244886.9887015,588,7859.4110194,18,7859.4110194,18,3.2094,100,9824366.34822053,0.08,588,586,2271.75651181388,582,2341.38728077345
"9629","Outras ocupações elementares não classificadas anteriormente",0,2025,4,"2025-T4",226522.99181022,620,7813.97539217,22,7813.97539217,22,3.4495,100,9824366.34822053,0.0795,620,616,1440.60099146571,592,1483.40258659209
"9411","Preparadores de comidas rápidas",0,2025,4,"2025-T4",134666.76096534,289,7736.85251207,20,7736.85251207,20,5.7452,100,9824366.34822053,0.0788,289,281,2192.74995168394,277,2227.58019601787
"3214","Técnicos de próteses médicas e dentárias",0,2025,4,"2025-T4",57504.93689127,104,7720.62620738,14,7720.62620738,14,13.426,100,9824366.34822053,0.0786,104,101,3534.5460576956,100,3647.43026417998
"3111","Técnicos em ciências físicas e químicas",0,2025,4,"2025-T4",26496.71271107,53,7544.80649593,18,7544.80649593,18,28.4745,100,9824366.34822053,0.0768,53,53,3970.38629288302,52,4057.40246390338
"6122","Avicultores e trabalhadores qualificados da avicultura",0,2025,4,"2025-T4",121203.3358976,568,7453.14869625,38,7453.14869625,38,6.1493,100,9824366.34822053,0.0759,568,523,3302.89888022316,486,3144.59493588225
"4227","Entrevistadores de pesquisas de mercado",0,2025,4,"2025-T4",13873.74805603,39,7372.18500166,22,7372.18500166,22,53.1377,100,9824366.34822053,0.075,39,39,3036.23899676834,38,3212.01506293339
"7311","Mecânicos e reparadores de instrumentos de precisão",0,2025,4,"2025-T4",28052.38649732,48,7323.66510531,8,7323.66510531,8,26.1071,100,9824366.34822053,0.0745,48,48,2311.08358680199,47,2403.91321728088
"7314","Ceramistas e afins (preparação e fabricação)",0,2025,4,"2025-T4",75404.30899025,178,7229.08548289,16,7229.08548289,16,9.5871,100,9824366.34822053,0.0736,178,174,1904.52806171276,167,2076.84112167689
"8131","Operadores de instalações e máquinas de produtos químicos",0,2025,4,"2025-T4",79540.22308201,113,7226.05339319,9,7226.05339319,9,9.0848,100,9824366.34822053,0.0736,113,113,2510.22192360444,112,2669.38920276076
"8350","Marinheiros de coberta e afins",0,2025,4,"2025-T4",48622.10191739,165,7097.97402592,13,7097.97402592,13,14.5982,100,9824366.34822053,0.0722,165,164,3942.50348267048,163,4066.95672020757
"4223","Telefonistas",0,2025,4,"2025-T4",29207.56913772,52,7052.6630449,15,7052.6630449,15,24.1467,100,9824366.34822053,0.0718,52,52,2530.12448232646,52,2872.82218400943
"3132","Operadores de incineradores, instalações de tratamento de água e afins",0,2025,4,"2025-T4",24258.86320003,58,6833.62437377,22,6833.62437377,22,28.1696,100,9824366.34822053,0.0696,58,58,4181.96978135489,58,4246.30371617512
"8311","Maquinistas de locomotivas",0,2025,4,"2025-T4",13775.27140718,19,6656.6891104,8,6656.6891104,8,48.3235,100,9824366.34822053,0.0678,19,19,5509.76895790887,19,6523.25731694811
"7421","Mecânicos e reparadores em eletrônica",0,2025,4,"2025-T4",74314.69895254,125,6588.25451191,13,6588.25451191,13,8.8653,100,9824366.34822053,0.0671,125,125,2540.97789781137,124,2591.62614557195
"8342","Operadores de máquinas de movimentação de terras e afins",0,2025,4,"2025-T4",285375.63663499,717,6579.38619731,18,6579.38619731,18,2.3055,100,9824366.34822053,0.067,717,717,3156.79669068466,703,3398.99918065676
"8212","Montadores de equipamentos elétricos e eletrônicos",0,2025,4,"2025-T4",96438.56816859,171,6510.63486423,11,6510.63486423,11,6.7511,100,9824366.34822053,0.0663,171,171,2544.85940656892,168,2702.03138171384
"8183","Operadores de máquinas de embalagem, engarrafamento e etiquetagem",0,2025,4,"2025-T4",116627.90370278,216,6426.50268564,8,6426.50268564,8,5.5103,100,9824366.34822053,0.0654,216,216,2324.95598815713,214,2454.00523057135
"7317","Artesãos de pedra, madeira, vime e materiais semelhantes",0,2025,4,"2025-T4",71866.41130044,210,6158.75765463,18,6158.75765463,18,8.5697,100,9824366.34822053,0.0627,210,204,1436.84782197584,195,1435.89364485592
"7222","Ferramenteiros e afins",0,2025,4,"2025-T4",58606.35467923,101,5974.15644425,11,5974.15644425,11,10.1937,100,9824366.34822053,0.0608,101,101,3089.91725239184,101,3262.63805155346
"8142","Operadores de máquinas para fabricar produtos de material plástico",0,2025,4,"2025-T4",161932.83149768,255,5907.01781223,7,5907.01781223,7,3.6478,100,9824366.34822053,0.0601,255,255,2298.02841035945,251,2603.60384429787
"7127","Mecânicos-instaladores de sistemas de refrigeração e climatização",0,2025,4,"2025-T4",93279.71901282,187,5854.01217599,11,5854.01217599,11,6.2758,100,9824366.34822053,0.0596,187,187,2648.80419781248,186,2803.78567861685
"3333","Agentes de emprego e agenciadores de mão de obra",0,2025,4,"2025-T4",10712.76363363,19,5838.83671814,9,5838.83671814,9,54.5036,100,9824366.34822053,0.0594,19,19,8061.04947164743,19,8090.5647522869
"7313","Joalheiros e lapidadores de gemas, artesãos de metais preciosos e semipreciosos",0,2025,4,"2025-T4",46056.18993964,68,5615.81261385,10,5615.81261385,10,12.1934,100,9824366.34822053,0.0572,68,67,3595.04525511184,66,3534.0366154743
"8156","Operadores de máquinas para fabricação de calçados e afins",0,2025,4,"2025-T4",103567.46729764,158,5466.35721427,10,5466.35721427,10,5.2781,100,9824366.34822053,0.0556,158,158,2029.37716995552,157,2145.68079377354
"8182","Operadores de máquinas de vapor e caldeiras",0,2025,4,"2025-T4",39886.52506389,86,5275.30811248,9,5275.30811248,9,13.2258,100,9824366.34822053,0.0537,86,86,3102.06463351756,86,3379.64183636002
"8143","Operadores de máquinas para fabricar produtos de papel",0,2025,4,"2025-T4",37753.06001741,67,5240.76708017,7,5240.76708017,7,13.8817,100,9824366.34822053,0.0533,67,67,3063.69419178431,67,3308.75860277441
"9212","Trabalhadores elementares da pecuária",0,2025,4,"2025-T4",540598.88462046,2395,5106.01103856,21,5106.01103856,21,0.9445,100,9824366.34822053,0.052,2395,2063,1256.84226160833,1966,1317.99502226146
"7413","Instaladores e reparadores de linhas elétricas",0,2025,4,"2025-T4",75926.57081016,171,5031.98130822,9,5031.98130822,9,6.6274,100,9824366.34822053,0.0512,171,171,3081.05153938553,169,3526.74128529898
"4212","Coletores de apostas e de jogos",0,2025,4,"2025-T4",55562.56989541,111,4822.13863827,7,4822.13863827,7,8.6788,100,9824366.34822053,0.0491,111,110,1659.89300693012,109,1712.06789089775
"3141","Técnicos e profissionais de nível médio em ciências biológicas (exclusive da medicina)",0,2025,4,"2025-T4",21017.10365108,33,4720.05000822,12,4720.05000822,12,22.4581,100,9824366.34822053,0.048,33,31,2542.16056495264,31,2689.07800522094
"3435","Outros profissionais de nível médio em atividades culturais e artísticas",0,2025,4,"2025-T4",36001.12541572,58,4691.30742431,7,4691.30742431,7,13.031,100,9824366.34822053,0.0478,58,57,3990.86344326551,56,3468.58214760575
"7534","Tapeceiros, colchoeiros e afins",0,2025,4,"2025-T4",81884.56947815,175,4572.80777093,8,4572.80777093,8,5.5845,100,9824366.34822053,0.0465,175,170,2415.79606931009,170,2480.38838952202
"3256","assistentes de medicina",0,2025,4,"2025-T4",38153.31341193,74,4559.56238571,12,4559.56238571,12,11.9506,100,9824366.34822053,0.0464,74,57,2356.19187793516,57,2391.16991593822
"9623","Coletores de dinheiro em máquinas automáticas de venda e leitores de medidores",0,2025,4,"2025-T4",40445.24243748,58,4291.46637355,7,4291.46637355,7,10.6106,100,9824366.34822053,0.0437,58,58,2945.44497544736,58,3388.89525974111
"9612","Classificadores de resíduos",0,2025,4,"2025-T4",292219.72965349,609,4076.13306206,5,4076.13306206,5,1.3949,100,9824366.34822053,0.0415,609,599,1285.38116787853,583,1236.53616133499
"8343","Operadores de guindastes, gruas, aparatos de elevação e afins",0,2025,4,"2025-T4",79541.99546971,167,3919.74242078,9,3919.74242078,9,4.9279,100,9824366.34822053,0.0399,167,167,3055.63721801318,165,3150.70142922055
"3131","Operadores de instalações de produção de energia",0,2025,4,"2025-T4",10179.15777243,21,3885.64091821,6,3885.64091821,6,38.1725,100,9824366.34822053,0.0396,21,21,6813.7471142228,21,7411.63664474426
"7232","Mecânicos e reparadores de motores de avião",0,2025,4,"2025-T4",23294.6737911,43,3881.75411979,7,3881.75411979,7,16.6637,100,9824366.34822053,0.0395,43,43,6722.45257176596,43,7620.90837648155
"3314","Profissionais de nível médio de serviços estatísticos, matemáticos e afins",0,2025,4,"2025-T4",16449.78878014,22,3767.14561614,7,3767.14561614,7,22.9009,100,9824366.34822053,0.0383,22,22,2885.09527003396,21,2907.6273633517
"3240","Técnicos e assistentes veterinários",0,2025,4,"2025-T4",21873.46862684,45,3731.07732122,6,3731.07732122,6,17.0575,100,9824366.34822053,0.038,45,37,2020.73015208003,34,2137.67821395417
"7536","Sapateiros e afins",0,2025,4,"2025-T4",154271.14284387,258,3720.97412374,6,3720.97412374,6,2.412,100,9824366.34822053,0.0379,258,254,2101.97004885847,251,2184.60574323466
"6210","Trabalhadores florestais qualificados e afins",0,2025,4,"2025-T4",82112.12652186,259,3529.66683585,7,3529.66683585,7,4.2986,100,9824366.34822053,0.0359,259,253,3176.12831257955,232,4073.73353409499
"4419","Trabalhadores de apoio administrativo não classificados anteriormente",0,2025,4,"2025-T4",23550.8671874,50,3510.98166169,9,3510.98166169,9,14.9081,100,9824366.34822053,0.0357,50,50,2115.04672137911,46,2185.50579007204
"7122","Aplicadores de revestimentos cerâmicos, pastilhas, pedras e madeiras",0,2025,4,"2025-T4",104161.31699613,210,3382.21237176,4,3382.21237176,4,3.2471,100,9824366.34822053,0.0344,210,210,2616.19699599615,205,2665.94195305717
"9121","Lavadeiros de roupas e passadeiros manuais",0,2025,4,"2025-T4",56905.47118736,116,3380.61600426,5,3380.61600426,5,5.9408,100,9824366.34822053,0.0344,116,115,1558.71360232593,110,1708.98554309915
"5161","Astrólogos, adivinhos e afins",0,2025,4,"2025-T4",15447.98156887,21,3216.25972418,6,3216.25972418,6,20.8199,100,9824366.34822053,0.0327,21,21,3282.21748544235,20,3254.11409941961
"5163","Trabalhadores de funerárias e embalsamadores",0,2025,4,"2025-T4",19188.49809686,51,3173.20661913,5,3173.20661913,5,16.537,100,9824366.34822053,0.0323,51,51,3018.57726336019,51,3236.66631815796
"8122","Operadores de máquinas polidoras, galvanizadoras e recobridoras de metais",0,2025,4,"2025-T4",58029.13358158,93,3058.12588111,6,3058.12588111,6,5.27,100,9824366.34822053,0.0311,93,93,2836.49151528705,93,3065.88797393299
"4322","Trabalhadores de serviços de apoio à produção",0,2025,4,"2025-T4",68522.8614172,111,2706.89631027,8,2706.89631027,8,3.9504,100,9824366.34822053,0.0276,111,111,2369.01403706987,109,2699.74389438235
"8113","Perfuradores e sondadores de poços e afins",0,2025,4,"2025-T4",24740.23621161,57,2686.69659846,5,2686.69659846,5,10.8596,100,9824366.34822053,0.0273,57,57,3735.23216601799,56,4440.3818126719
"4411","Trabalhadores de bibliotecas",0,2025,4,"2025-T4",10115.54186708,28,2662.69785788,8,2662.69785788,8,26.3228,100,9824366.34822053,0.0271,28,28,2175.15134471619,28,2201.09167073812
"5112","Fiscais e cobradores de transportes públicos",0,2025,4,"2025-T4",54813.81848088,96,2659.5950031,6,2659.5950031,6,4.8521,100,9824366.34822053,0.0271,96,94,2560.5740151644,94,2650.4055235004
"3155","Técnicos em segurança aeronáutica",0,2025,4,"2025-T4",3357.45074927,9,2621.32404389,5,2621.32404389,5,78.0748,100,9824366.34822053,0.0267,9,9,5841.74608014056,9,6669.36028939446
"7544","Fumigadores e outros controladores de pragas e ervas daninhas",0,2025,4,"2025-T4",44405.81966369,99,2610.16682979,6,2610.16682979,6,5.878,100,9824366.34822053,0.0266,99,99,2277.14312442852,97,2254.8189966339
"6225","Pescadores",0,2025,4,"2025-T4",298497.99282544,1144,2558.18290732,9,2558.18290732,9,0.857,100,9824366.34822053,0.026,1144,1020,1051.50602018868,954,1008.89148093532
"3433","Técnicos em galerias de arte, museus e bibliotecas",0,2025,4,"2025-T4",8814.01705527,18,2420.32937609,4,2420.32937609,4,27.46,100,9824366.34822053,0.0246,18,18,1733.2471096376,18,1745.55719468684
"9331","Condutores de veículos acionados a pedal ou a braços",0,2025,4,"2025-T4",38751.54148715,73,2248.24731953,1,2248.24731953,1,5.8017,100,9824366.34822053,0.0229,73,71,1445.46425333134,70,1403.53454511237
"7211","Moldadores de metal e macheiros",0,2025,4,"2025-T4",19449.93721724,39,2236.95765961,1,2236.95765961,1,11.5011,100,9824366.34822053,0.0228,39,38,2992.66343224881,38,3072.6345924367
"8219","Montadores não classificados anteriormente",0,2025,4,"2025-T4",195290.50744877,347,2218.38029058,8,2218.38029058,8,1.1359,100,9824366.34822053,0.0226,347,342,2213.6632144366,338,2408.29926310715
"6130","Produtores e trabalhadores qualificados de exploração agropecuária mista",0,2025,4,"2025-T4",10595.72214068,38,2100.32305009,3,2100.32305009,3,19.8224,100,9824366.34822053,0.0214,38,36,6002.12683645299,36,5997.64695792153
"7523","Operadores de máquinas de lavrar madeira",0,2025,4,"2025-T4",56411.3408068,112,2050.93805598,2,2050.93805598,2,3.6357,100,9824366.34822053,0.0209,112,112,2558.17235126907,109,2768.4535948112
"8189","Operadores de máquinas e de instalações fixas não classificados anteriormente",0,2025,4,"2025-T4",22929.01606226,53,2044.08662416,5,2044.08662416,5,8.9148,100,9824366.34822053,0.0208,53,53,2113.01893059093,53,2252.68490228219
"6221","Trabalhadores da aquicultura",0,2025,4,"2025-T4",17762.64358506,79,2029.71470871,2,2029.71470871,2,11.4269,100,9824366.34822053,0.0207,79,76,3265.47873099159,69,3359.59093363252
"7113","Canteiros, cortadores e gravadores de pedras",0,2025,4,"2025-T4",73311.72436134,136,2009.35815323,1,2009.35815323,1,2.7408,100,9824366.34822053,0.0205,136,134,2557.32515598748,131,2699.7422076597
"8141","Operadores de máquinas para fabricar produtos de borracha",0,2025,4,"2025-T4",144529.04506468,317,1848.61660658,8,1848.61660658,8,1.2791,100,9824366.34822053,0.0188,317,308,2350.98764656054,304,2328.55773156178
"3258","Ajudantes de ambulâncias",0,2025,4,"2025-T4",12689.39446873,37,1784.92409882,6,1784.92409882,6,14.0663,100,9824366.34822053,0.0182,37,37,2680.4592090377,37,2751.45979483998
"7316","Redatores de cartazes, pintores decorativos e gravadores",0,2025,4,"2025-T4",11521.48018184,25,1763.17517624,2,1763.17517624,2,15.3034,100,9824366.34822053,0.0179,25,25,2303.87910181322,24,2134.90679289676
"5169","Trabalhadores de serviços pessoais não classificados anteriormente",0,2025,4,"2025-T4",13517.6164214,19,1616.77316573,3,1616.77316573,3,11.9605,100,9824366.34822053,0.0165,19,19,1642.25148417523,19,1623.14854896905
"7125","Vidraceiros",0,2025,4,"2025-T4",80723.5580271,163,1616.30985869,4,1616.30985869,4,2.0023,100,9824366.34822053,0.0165,163,162,2464.67825180765,161,2512.94419831451
"9621","Mensageiros, carregadores de bagagens e entregadores de encomendas",0,2025,4,"2025-T4",61505.59250993,117,1599.69743208,2,1599.69743208,2,2.6009,100,9824366.34822053,0.0163,117,116,1795.78049103629,115,1825.26968198844
"8154","Operadores de máquinas de branqueamento, tingimento e limpeza de tecidos",0,2025,4,"2025-T4",48768.24529904,95,1513.42629399,3,1513.42629399,3,3.1033,100,9824366.34822053,0.0154,95,95,2423.83314337248,95,2630.57558592994
"7115","Carpinteiros",0,2025,4,"2025-T4",212431.58113328,517,1448.12093532,7,1448.12093532,7,0.6817,100,9824366.34822053,0.0147,517,513,2227.2012381469,495,2256.1535861298
"3139","Técnicos em controle de processos não classificados anteriormente",0,2025,4,"2025-T4",15879.60399637,19,1441.23366488,3,1441.23366488,3,9.076,100,9824366.34822053,0.0147,19,19,3561.11842190512,19,4402.71102980592
"8152","Operadores de teares e outras máquinas de tecelagem",0,2025,4,"2025-T4",53000.40482991,99,1368.576936,3,1368.576936,3,2.5822,100,9824366.34822053,0.0139,99,98,2223.33791239144,93,2759.67138360173
"3121","Supervisores da mineração",0,2025,4,"2025-T4",9141.55876791,22,1314.59415458,5,1314.59415458,5,14.3804,100,9824366.34822053,0.0134,22,22,4674.20446869746,22,4768.66535043388
"7321","Trabalhadores da pré-impressão gráfica",0,2025,4,"2025-T4",32886.55795017,43,1283.99719748,3,1283.99719748,3,3.9043,100,9824366.34822053,0.0131,43,43,2020.9134765159,42,2022.54438250948
"3154","Controladores de tráfego aéreo",0,2025,4,"2025-T4",2302.53354436,8,1225.51543128,5,1225.51543128,5,53.2247,100,9824366.34822053,0.0125,8,8,5900.4167491042,8,5724.02165616891
"8171","Operadores de instalações para a preparação de pasta de papel e papel",0,2025,4,"2025-T4",24963.35584289,52,1220.29035862,6,1220.29035862,6,4.8883,100,9824366.34822053,0.0124,52,52,3734.41013834039,50,4133.19225817123
"8172","Operadores de instalações para processamento de madeira",0,2025,4,"2025-T4",83434.80233956,236,1219.10368059,3,1219.10368059,3,1.4611,100,9824366.34822053,0.0124,236,234,2329.76137595355,221,2380.78567023047
"9129","Outros trabalhadores de limpeza",0,2025,4,"2025-T4",27187.42355962,56,1182.99321868,2,1182.99321868,2,4.3513,100,9824366.34822053,0.012,56,55,2011.493138167,55,2075.42719563886
"4131","Operadores de máquinas de processamento de texto e mecanógrafos",0,2025,4,"2025-T4",1148.68026254,4,1148.68026254,4,1148.68026254,4,100,100,9824366.34822053,0.0117,4,4,6739.49293962594,4,6739.49293962594
"8112","Operadores de instalações de processamento de minerais e rochas",0,2025,4,"2025-T4",18346.78674668,44,1120.78854711,2,1120.78854711,2,6.1089,100,9824366.34822053,0.0114,44,44,2812.14560157431,44,3029.24872924465
"7214","Montadores de estruturas metálicas",0,2025,4,"2025-T4",114801.49628609,234,1056.20875868,3,1056.20875868,3,0.92,100,9824366.34822053,0.0108,234,234,2872.31307414393,230,3077.45995080928
"7221","Ferreiros e forjadores",0,2025,4,"2025-T4",7151.01620587,19,1055.12157888,1,1055.12157888,1,14.7548,100,9824366.34822053,0.0107,19,19,3377.79142481248,18,3383.24915548674
"3135","Controladores de processos de produção de metais",0,2025,4,"2025-T4",8883.52799732,16,1033.728584,1,1033.728584,1,11.6365,100,9824366.34822053,0.0105,16,16,3434.73025105186,16,3970.40215104526
"9510","Trabalhadores ambulantes dos serviços e afins",0,2025,4,"2025-T4",44933.89802776,93,1001.42857838,3,1001.42857838,3,2.2287,100,9824366.34822053,0.0102,93,92,1438.91371565179,90,1470.24623495887
"5151","Supervisores de manutenção e limpeza de edifícios em escritórios, hotéis e estabelecimentos",0,2025,4,"2025-T4",19335.50879375,42,992.46998886,4,992.46998886,4,5.1329,100,9824366.34822053,0.0101,42,41,2491.6279281327,41,2633.52052662747
"3413","Auxiliares leigos de religião",0,2025,4,"2025-T4",3559.74213349,13,979.73119405,4,979.73119405,4,27.5225,100,9824366.34822053,0.01,13,7,1641.46918493355,7,1757.72011364459
"9215","Trabalhadores florestais elementares",0,2025,4,"2025-T4",195922.8616221,692,924.02586331,2,924.02586331,2,0.4716,100,9824366.34822053,0.0094,692,660,1166.9073204619,612,1214.9945051489
"8181","Operadores de instalações de vidraria e cerâmica",0,2025,4,"2025-T4",50720.94699246,111,917.25866755,3,917.25866755,3,1.8084,100,9824366.34822053,0.0093,111,111,2321.31916491406,111,2427.25456597615
"3222","Profissionais de nível médio de partos",0,2025,4,"2025-T4",5042.06171567,6,905.81109655,2,905.81109655,2,17.9651,100,9824366.34822053,0.0092,6,6,2166.15212887546,6,2665.09691807181
"7323","Encadernadores e afins",0,2025,4,"2025-T4",16599.95217023,23,836.43139994,1,836.43139994,1,5.0388,100,9824366.34822053,0.0085,23,22,2808.08180465592,22,3030.61680299499
"7123","Gesseiros",0,2025,4,"2025-T4",141432.65954074,271,796.12148431,2,796.12148431,2,0.5629,100,9824366.34822053,0.0081,271,271,2609.14550122363,267,2688.05619663966
"6123","Apicultores, sericicultores e trabalhadores qualificados da apicultura e sericicultura",0,2025,4,"2025-T4",20638.98878139,97,658.27555271,7,658.27555271,7,3.1895,100,9824366.34822053,0.0067,97,88,2032.02097929004,75,3424.80060373503
"8157","Operadores de máquinas de lavar, tingir e passar roupas",0,2025,4,"2025-T4",11016.85225036,25,654.91009359,2,654.91009359,2,5.9446,100,9824366.34822053,0.0067,25,25,2578.36527180985,24,2908.06385015004
"7541","Trabalhadores subaquáticos",0,2025,4,"2025-T4",1094.94964801,4,651.64979987,2,651.64979987,2,59.5141,100,9824366.34822053,0.0066,4,4,13737.1392070082,4,13737.1392070082
"8312","Guarda-freios e agentes de manobras",0,2025,4,"2025-T4",3937.25199809,7,624.1763374,3,624.1763374,3,15.8531,100,9824366.34822053,0.0064,7,7,2682.62859315474,7,2682.62859315474
"8132","Operadores de máquinas para fabricar produtos fotográficos",0,2025,4,"2025-T4",2154.07026713,3,599.17767852,1,599.17767852,1,27.8161,100,9824366.34822053,0.0061,3,3,4781.6119135648,3,4781.6119135648
"3134","Operadores de instalações de refino de petróleo e gás natural",0,2025,4,"2025-T4",7236.48554761,5,562.78444906,1,562.78444906,1,7.777,100,9824366.34822053,0.0057,5,5,6485.80956456979,5,8276.70454648062
"7124","Instaladores de material isolante térmico e acústico",0,2025,4,"2025-T4",14493.47764865,31,552.34561,1,552.34561,1,3.811,100,9824366.34822053,0.0056,31,31,3175.36241331767,31,3364.8015354306
"3354","Agentes de serviços de expedição de licenças e permissões",0,2025,4,"2025-T4",4444.36863946,8,549.43499536,1,549.43499536,1,12.3625,100,9824366.34822053,0.0056,8,8,3800.31495305015,8,3825.24333545048
"8111","Mineiros e operadores de máquinas e de instalações em minas e pedreiras",0,2025,4,"2025-T4",12378.46000999,32,534.65905651,1,534.65905651,1,4.3193,100,9824366.34822053,0.0054,32,32,4020.28946310662,32,4328.05360244023
"7532","Trabalhadores qualificados da preparação da confecção de roupas",0,2025,4,"2025-T4",26670.49363861,55,457.28269228,3,457.28269228,3,1.7146,100,9824366.34822053,0.0047,55,55,1982.99541461518,51,2134.21100421484
"3324","Corretores de comercialização",0,2025,4,"2025-T4",8218.19512017,27,440.00863104,3,440.00863104,3,5.3541,100,9824366.34822053,0.0045,27,27,5748.97458384618,26,5907.80802390273
"7133","Limpadores de fachadas",0,2025,4,"2025-T4",4066.59854277,11,425.97808736,1,425.97808736,1,10.475,100,9824366.34822053,0.0043,11,11,3002.01198375896,11,2987.87067101595
"7312","Confeccionadores e afinadores de instrumentos musicais",0,2025,4,"2025-T4",3050.91322291,8,374.3213325,2,374.3213325,2,12.2692,100,9824366.34822053,0.0038,8,8,2502.71569801848,8,2095.95940834291
"3143","Técnicos florestais",0,2025,4,"2025-T4",2762.94876554,9,261.17639883,1,261.17639883,1,9.4528,100,9824366.34822053,0.0027,9,9,2610.56009487481,9,2773.18592958597
"7315","Cortadores, polidores, jateadores e gravadores de vidros e afins",0,2025,4,"2025-T4",4408.03302991,6,246.29628848,1,246.29628848,1,5.5874,100,9824366.34822053,0.0025,6,6,2157.25684821118,6,2455.66510634459
"5241","Modelos de moda, arte e publicidade",0,2025,4,"2025-T4",3724.52326321,8,243.5003028,1,243.5003028,1,6.5378,100,9824366.34822053,0.0025,8,8,1781.33390871451,8,1781.33390871451
"9216","Trabalhadores elementares da pesca e aquicultura",0,2025,4,"2025-T4",19873.31797444,54,234.92980904,1,234.92980904,1,1.1821,100,9824366.34822053,0.0024,54,47,1202.7217096024,45,1212.23871493802
"7234","Reparadores de bicicletas e afins",0,2025,4,"2025-T4",40036.57858822,80,234.73103601,1,234.73103601,1,0.5863,100,9824366.34822053,0.0024,80,79,2520.18263158854,78,2530.08572750131
"7121","Telhadores",0,2025,4,"2025-T4",47629.53697326,76,215.55313667,1,215.55313667,1,0.4526,100,9824366.34822053,0.0022,76,76,2847.3377638542,76,2538.75620095525
"7549","Outros trabalhadores qualificados e operários da indústria e do artesanato não classificados anteriormente",0,2025,4,"2025-T4",7898.63074725,11,194.38002354,1,194.38002354,1,2.4609,100,9824366.34822053,0.002,11,11,4169.38757632768,11,4207.0109930869
"7516","Trabalhadores qualificados da preparação do fumo e seus produtos",0,2025,4,"2025-T4",15438.8282225,38,128.17090752,1,128.17090752,1,0.8302,100,9824366.34822053,0.0013,38,35,992.392505357488,30,973.181960387881
"7514","Trabalhadores da conservação de frutas, legumes e similares",0,2025,4,"2025-T4",31455.04528713,114,79.37013142,1,79.37013142,1,0.2523,100,9824366.34822053,8e-04,114,101,1051.50527408452,93,1159.7456081614
"9213","Trabalhadores elementares da agropecuária",0,2025,4,"2025-T4",10578.29016825,54,63.4565807,1,63.4565807,1,0.5999,100,9824366.34822053,6e-04,54,52,1141.54584881918,48,1286.75267370758
"6114","Agricultores e trabalhadores qualificados de cultivos mistos",0,2025,4,"2025-T4",24480.02304529,91,57.32933232,1,57.32933232,1,0.2342,100,9824366.34822053,6e-04,91,85,1618.88278780379,78,1646.67060701128
"8151","Operadores de máquinas de preparação de fibras, fiação e bobinamento de fios",0,2025,4,"2025-T4",14447.14561678,39,42.7397261,1,42.7397261,1,0.2958,100,9824366.34822053,4e-04,39,39,2350.65122294986,39,2942.92873802141
"0110","Oficiais das forças armadas",1,2025,4,"2025-T4",70639.99104169,147,53400.34181399,126,0,0,0,0,9824366.34822053,0,147,147,12045.0026997916,147,12790.0671034009
"0411","Oficiais de polícia militar",1,2025,4,"2025-T4",35434.89873228,85,32013.10682161,76,0,0,0,0,9824366.34822053,0,85,85,16004.513956338,85,16742.6981225179
"0511","Oficiais de bombeiro militar",1,2025,4,"2025-T4",15778.72065893,40,13722.06780033,34,0,0,0,0,9824366.34822053,0,40,40,15791.3961511333,40,16718.946425087
"2111","Físicos e astrônomos",1,2025,4,"2025-T4",2682.47829672,6,2682.47829672,6,0,0,0,0,9824366.34822053,0,6,6,9134.88202513042,6,9748.4689965861
"2112","Meteorologistas",1,2025,4,"2025-T4",647.8163734,2,647.8163734,2,0,0,0,0,9824366.34822053,0,2,2,6209.16162249943,2,6209.16162249943
"2113","Químicos",1,2025,4,"2025-T4",30559.03281014,43,30559.03281014,43,0,0,0,0,9824366.34822053,0,43,43,6429.49007248555,43,7011.55191604337
"2114","Geólogos e geofísicos",1,2025,4,"2025-T4",13325.39412278,29,13325.39412278,29,0,0,0,0,9824366.34822053,0,29,29,12766.818263453,29,13552.3738864821
"2120","Matemáticos, atuários e estatísticos",1,2025,4,"2025-T4",14101.97767854,19,14101.97767854,19,0,0,0,0,9824366.34822053,0,19,19,9987.32785074158,19,10734.7969208555
"2131","Biólogos, botânicos, zoólogos e afins",1,2025,4,"2025-T4",75690.17600306,152,75690.17600306,152,0,0,0,0,9824366.34822053,0,152,152,5635.56588285945,152,5904.25427688568
"2132","Agrônomos e afins",1,2025,4,"2025-T4",64633.37270878,156,64633.37270878,156,0,0,0,0,9824366.34822053,0,156,156,8183.61176584985,156,8337.37510557045
"2141","Engenheiros industriais e de produção",1,2025,4,"2025-T4",40447.1851334,63,40447.1851334,63,0,0,0,0,9824366.34822053,0,63,63,10484.3729493974,63,11272.2496537859
"2142","Engenheiros civis",1,2025,4,"2025-T4",284202.75004976,601,284202.75004976,601,0,0,0,0,9824366.34822053,0,601,600,9933.47818513078,598,10606.4789867531
"2143","Engenheiros de meio ambiente",1,2025,4,"2025-T4",31538.80677102,70,31538.80677102,70,0,0,0,0,9824366.34822053,0,70,70,8723.4563686084,70,8765.42838723123
"2144","Engenheiros mecânicos",1,2025,4,"2025-T4",107971.63989385,184,107971.63989385,184,0,0,0,0,9824366.34822053,0,184,184,11410.7147076843,184,11962.5623283823
"2145","Engenheiros químicos",1,2025,4,"2025-T4",33396.84982353,55,33396.84982353,55,0,0,0,0,9824366.34822053,0,55,55,10724.9907518529,54,11482.6075260827
"2146","Engenheiros de minas, metalúrgicos e afins",1,2025,4,"2025-T4",3860.05622619,8,3860.05622619,8,0,0,0,0,9824366.34822053,0,8,8,15469.8617065965,8,15761.8438612301
"2149","Engenheiros não classificados anteriormente",1,2025,4,"2025-T4",49485.2330972,89,49485.2330972,89,0,0,0,0,9824366.34822053,0,89,89,10500.1343030886,89,10941.6011396689
"2151","Engenheiros eletricistas",1,2025,4,"2025-T4",72586.67762487,143,72586.67762487,143,0,0,0,0,9824366.34822053,0,143,143,10768.3785322923,143,11387.8341503018
"2152","Engenheiros eletrônicos",1,2025,4,"2025-T4",39966.00302675,62,39966.00302675,62,0,0,0,0,9824366.34822053,0,62,62,11930.2145387397,61,12855.6563435242
"2153","Engenheiros em telecomunicações",1,2025,4,"2025-T4",3384.79875109,5,3384.79875109,5,0,0,0,0,9824366.34822053,0,5,5,16157.7209146328,5,19675.6078129441
"2161","Arquitetos de edificações",1,2025,4,"2025-T4",190864.08318502,382,190864.08318502,382,0,0,0,0,9824366.34822053,0,382,382,6806.92922075015,378,6944.58490987104
"2162","Arquitetos paisagistas",1,2025,4,"2025-T4",3590.77632357,5,3590.77632357,5,0,0,0,0,9824366.34822053,0,5,5,5277.8630412345,5,5277.8630412345
"2164","Urbanistas e engenheiros de trânsito",1,2025,4,"2025-T4",8795.80055081,17,8795.80055081,17,0,0,0,0,9824366.34822053,0,17,17,8731.56860670555,17,10728.3288441683
"2165","Cartógrafos e agrimensores",1,2025,4,"2025-T4",8153.98572484,12,8153.98572484,12,0,0,0,0,9824366.34822053,0,12,12,7324.65241259233,12,7040.33903252905
"2211","Médicos gerais",1,2025,4,"2025-T4",265918.99974448,512,265918.99974448,512,0,0,0,0,9824366.34822053,0,512,512,15391.7029551997,508,15702.1571833408
"2212","Médicos especialistas",1,2025,4,"2025-T4",389730.48894769,766,389730.48894769,766,0,0,0,0,9824366.34822053,0,766,766,22657.7081230377,762,22981.1008257338
"2221","Profissionais de enfermagem",1,2025,4,"2025-T4",570399.28483478,1132,570399.28483478,1132,0,0,0,0,9824366.34822053,0,1132,1130,5666.09267263352,1126,6000.03244504993
"2250","Veterinários",1,2025,4,"2025-T4",131282.59988946,271,131282.59988946,271,0,0,0,0,9824366.34822053,0,271,270,5924.21577802155,270,5927.14703600417
"2261","Dentistas",1,2025,4,"2025-T4",376485.14681335,695,376485.14681335,695,0,0,0,0,9824366.34822053,0,695,695,7872.46234904806,689,7875.95450224603
"2262","Farmacêuticos",1,2025,4,"2025-T4",213070.50623234,400,213070.50623234,400,0,0,0,0,9824366.34822053,0,400,400,5794.66721831769,397,6161.65392123776
"2264","Fisioterapeutas",1,2025,4,"2025-T4",304285.26652533,588,304285.26652533,588,0,0,0,0,9824366.34822053,0,588,587,5019.05884981653,586,5163.41502254167
"2265","Dietistas e nutricionistas",1,2025,4,"2025-T4",158464.87931919,330,158464.87931919,330,0,0,0,0,9824366.34822053,0,330,330,5509.02683512095,327,5661.50363775372
"2266","Fonoaudiólogos e logopedistas",1,2025,4,"2025-T4",40984.04993016,91,40984.04993016,91,0,0,0,0,9824366.34822053,0,91,91,8150.96901753651,91,8268.74207617645
"2310","Professores de universidades e do ensino superior",1,2025,4,"2025-T4",322803.01198903,750,322803.01198903,750,0,0,0,0,9824366.34822053,0,750,750,12749.948915639,749,13455.8875546007
"2330","Professores do ensino médio",1,2025,4,"2025-T4",718574.97829994,1610,689563.77954939,1552,0,0,0,0,9824366.34822053,0,1610,1609,5936.82541722665,1606,6219.33661833742
"2352","Educadores para necessidades especiais",1,2025,4,"2025-T4",42367.35977887,89,34157.6029061,74,0,0,0,0,9824366.34822053,0,89,89,4103.92142140927,89,4246.44805290876
"2411","Contadores",1,2025,4,"2025-T4",587939.0999252,1198,587939.0999252,1198,0,0,0,0,9824366.34822053,0,1198,1193,7966.38361878801,1185,8352.06984801408
"2432","Profissionais de relações públicas",1,2025,4,"2025-T4",38758.25360054,77,27018.6077266,54,0,0,0,0,9824366.34822053,0,77,77,7265.35890641056,77,7863.85834490837
"2611","Advogados e juristas",1,2025,4,"2025-T4",1099045.08663113,2050,1099045.08663113,2050,0,0,0,0,9824366.34822053,0,2050,2048,9467.6495437547,2034,9675.86250714174
"2619","Profissionais em direito não classificados anteriormente",1,2025,4,"2025-T4",178543.46335986,437,169497.87866381,420,0,0,0,0,9824366.34822053,0,437,435,12996.5307205728,434,13843.7018977606
"2621","Arquivologistas e curadores de museus",1,2025,4,"2025-T4",3413.46840165,6,3413.46840165,6,0,0,0,0,9824366.34822053,0,6,6,6240.22868355442,6,6240.22868355442
"2622","Bibliotecários, documentaristas e afins",1,2025,4,"2025-T4",23058.22484359,54,18012.52455164,43,0,0,0,0,9824366.34822053,0,54,54,5387.07759389737,54,5609.15028710709
"2631","Economistas",1,2025,4,"2025-T4",29375.45546933,49,29375.45546933,49,0,0,0,0,9824366.34822053,0,49,49,13606.2048590265,49,14195.7912707051
"2632","Sociólogos, antropólogos e afins",1,2025,4,"2025-T4",4742.77088218,13,4742.77088218,13,0,0,0,0,9824366.34822053,0,13,13,8542.89931236284,13,8614.91678034624
"2634","Psicólogos",1,2025,4,"2025-T4",442435.48593827,842,442435.48593827,842,0,0,0,0,9824366.34822053,0,842,841,5882.2637771941,839,5805.19324439023
"2635","Assistentes sociais",1,2025,4,"2025-T4",148800.52668964,333,148800.52668964,333,0,0,0,0,9824366.34822053,0,333,332,5477.70622182299,330,5773.91805129009
"3133","Controladores de instalações de processamento de produtos químicos",0,2025,4,"2025-T4",6056.06489169,7,0,0,0,0,0,NA,9824366.34822053,0,7,7,3291.61990424415,7,4616.51630095729
"3151","Oficiais maquinistas em navegação",1,2025,4,"2025-T4",2691.45445497,6,868.82768653,2,0,0,0,0,9824366.34822053,0,6,6,9908.11517732602,6,9908.11517732602
"3152","Capitães, oficiais de coberta e práticos",1,2025,4,"2025-T4",20922.64023143,54,6214.178674,14,0,0,0,0,9824366.34822053,0,54,54,8272.81640836527,54,8550.61297703234
"3252","Técnicos em documentação sanitária",0,2025,4,"2025-T4",1969.19194816,2,0,0,0,0,0,NA,9824366.34822053,0,2,2,2947.92672626007,2,5427.19398886078
"3254","Técnicos em optometria e ópticos",0,2025,4,"2025-T4",227.04668837,1,0,0,0,0,0,NA,9824366.34822053,0,1,1,1520,1,1520
"4413","Codificadores de dados, revisores de provas de impressão e afins",0,2025,4,"2025-T4",1510.40239243,3,0,0,0,0,0,NA,9824366.34822053,0,3,3,3313.35942046843,3,4312.03445546571
"4414","Outros escreventes",0,2025,4,"2025-T4",4861.17993449,4,0,0,0,0,0,NA,9824366.34822053,0,4,4,3438.37404675613,4,3393.30823811443
"5162","Acompanhantes e criados particulares",0,2025,4,"2025-T4",6892.40840392,9,0,0,0,0,0,NA,9824366.34822053,0,9,8,1902.2991280843,7,1882.783328333
"5168","Trabalhadores do sexo",0,2025,4,"2025-T4",2348.09580567,3,0,0,0,0,0,NA,9824366.34822053,0,3,3,4016.39237715005,3,4016.39237715005
"6129","Outros criadores e trabalhadores qualificados da pecuária não classificados anteriormente",0,2025,4,"2025-T4",882.78839842,5,0,0,0,0,0,NA,9824366.34822053,0,5,3,2959.29150617641,3,3552.73269899601
"7114","Trabalhadores em cimento e concreto armado",0,2025,4,"2025-T4",23156.44217751,46,0,0,0,0,0,NA,9824366.34822053,0,46,45,2333.8570156554,43,2601.771709839
"7215","Aparelhadores e emendadores de cabos",0,2025,4,"2025-T4",471.05672139,2,0,0,0,0,0,NA,9824366.34822053,0,2,2,2049.93608487672,2,2591.62252568804
"7224","Polidores de metais e afiadores de ferramentas",0,2025,4,"2025-T4",22019.27077163,37,0,0,0,0,0,NA,9824366.34822053,0,37,37,2625.38721047899,35,2781.63741770699
"7521","Trabalhadores de tratamento e preparação da madeira",0,2025,4,"2025-T4",2120.63623147,6,0,0,0,0,0,NA,9824366.34822053,0,6,6,2142.23044761021,6,2331.22424648687
"7535","Trabalhadores qualificados do tratamento de couros e peles",0,2025,4,"2025-T4",8388.84328109,15,0,0,0,0,0,NA,9824366.34822053,0,15,15,2085.23295582808,15,2893.19905021748
"7542","Dinamitadores e detonadores",0,2025,4,"2025-T4",7300.00996871,17,0,0,0,0,0,NA,9824366.34822053,0,17,17,2485.16946094794,16,2686.14840403142
"8114","Operadores de máquinas para fabricar cimento, pedras e outros produtos minerais",0,2025,4,"2025-T4",27039.00222212,64,0,0,0,0,0,NA,9824366.34822053,0,64,63,2256.10072828907,62,2330.32045543943
"8155","Operadores de máquinas de processamento de couros e peles",0,2025,4,"2025-T4",2142.71229999,4,0,0,0,0,0,NA,9824366.34822053,0,4,4,2060.0282175507,4,2060.0282175507
"8159","Operadores de máquinas para fabricar produtos têxteis e artigos de couro e pele não classificados anteriormente",0,2025,4,"2025-T4",629.22734679,3,0,0,0,0,0,NA,9824366.34822053,0,3,3,1594.92097182482,3,2760.88340104167
"9123","Limpadores de janelas",0,2025,4,"2025-T4",5558.38470843,6,0,0,0,0,0,NA,9824366.34822053,0,6,6,1844.36553343421,6,1951.21787035347
"9214","Trabalhadores elementares da jardinagem e horticultura",0,2025,4,"2025-T4",95235.48604865,226,0,0,0,0,0,NA,9824366.34822053,0,226,177,1504.51327557705,170,1521.22762842899
"9311","Trabalhadores elementares de minas e pedreiras",0,2025,4,"2025-T4",33641.38724707,115,0,0,0,0,0,NA,9824366.34822053,0,115,115,2273.58779220416,109,2331.77362279914
"9312","Trabalhadores elementares de obras públicas e da manutenção de estradas, represas e similares",0,2025,4,"2025-T4",39539.80104095,89,0,0,0,0,0,NA,9824366.34822053,0,89,89,2055.39791394775,86,2162.95857854332
"9332","Condutores de veículos e máquinas de tração animal",0,2025,4,"2025-T4",14826.37132594,40,0,0,0,0,0,NA,9824366.34822053,0,40,39,972.1170688165,36,1062.24736045496
"9613","Varredores e afins",0,2025,4,"2025-T4",5106.62295078,10,0,0,0,0,0,NA,9824366.34822053,0,10,10,1733.20203221783,10,1756.43965651822
"9622","Pessoas que realizam várias tarefas",0,2025,4,"2025-T4",15534.62401132,31,0,0,0,0,0,NA,9824366.34822053,0,31,31,1024.66297697653,31,1058.16945953904
"9624","Carregadores de água e coletores de lenha",0,2025,4,"2025-T4",1195.9787255,4,0,0,0,0,0,NA,9824366.34822053,0,4,4,1049.99867427878,4,1214.19877319508
